pattern,Position,DeterministicFollow,DeterministicPosition,Follow,MarkBefore
wdeey,5,6,6,6,5
lehyy,5,6,6,6,5
jpvnb,5,6,6,6,5
ecmap,5,6,6,6,5
gndgc*,5,5,6,5,5
td|ph*x*,5,5,6,5,4
uqvat,5,6,6,6,5
opm|mz,5,5,6,5,4
gelqe,5,6,6,6,5
jk(spq)*,5,5,6,5,5
e|tlua,5,5,6,5,4
topwv,5,6,6,6,5
(q|q)vtt,5,5,5,5,4
lt|h|fl,5,4,6,4,3
kuvt|l,5,5,6,5,4
joeqy,5,6,6,6,5
xjyib,5,6,6,6,5
fdf|nm,5,5,6,5,4
xmbes,5,6,6,6,5
e|jhch,5,5,6,5,4
vzsf*u,5,5,6,5,4
ee*il*o*,5,4,6,4,4
oabdd*,5,5,6,5,5
(wue)*ny,5,5,6,5,4
q(ra)*(ls)*,5,5,6,5,5
(izvur)*,5,5,6,5,5
(an)*hai,5,5,6,5,4
ulpfg,5,6,6,6,5
qx(bed)*,5,5,6,5,5
(tmj*)*hz,5,5,6,5,4
w(df*)*xi,5,5,6,5,4
(jy*)*eux,5,5,6,5,4
(h(wd*)*bo)*,5,4,6,4,4
zw*|l*yi*,5,4,6,4,4
n(qe)*kl*,5,4,6,4,4
(zjg(ka)*)*,5,5,6,5,5
(e|(fa)*ef)*,5,6,7,4,6
tzvmc*,5,5,6,5,5
du*|(t|e*|p),5,4,6,4,3
omejw,5,6,6,6,5
czzzc,5,6,6,6,5
g*rgrg,5,5,6,5,4
vvs*(vv)*,5,5,6,5,5
oo*of*o*,5,6,6,4,5
(pu(u|pp*)*)*,5,4,7,4,4
(ss)*(sss)*,5,7,7,5,6
uaua*a,5,5,5,5,5
uuukk,5,6,6,6,5
nen*ne,5,5,5,5,4
b|bfbf,5,5,5,5,4
(jdlvl)*,5,5,6,5,5
cdugd,5,6,6,6,5
ox|i(ix)*,5,5,6,5,4
ipaip,5,6,6,6,5
(v(kk)*v|k*)*,5,3,6,3,3
j(x*x(zz)*)*,5,5,5,5,4
(m*zmdm)*,5,5,6,5,5
o*x*oxt,5,7,7,5,6
ivmhm,5,6,6,6,5
su|ujj,5,5,6,5,4
jxjfp,5,6,6,6,5
qtg(gm*)*,5,5,6,5,5
x*c*(i(x*b)*)*,5,4,6,4,4
(jkukh)*,5,5,6,5,5
rknko,5,6,6,6,5
df(h*|vr),5,6,6,6,5
dads*l*,5,5,6,5,5
t*jvto,5,5,6,5,4
fxixd,5,6,6,6,5
(xdo)*f|j,5,5,6,5,4
(uu*|sss)*,5,4,6,4,4
n|n(aa|a)*,5,3,4,4,3
y*yy|yy*,5,3,3,5,2
(h(vvvh)*)*,5,5,6,5,5
j*jj|oj,5,5,5,5,4
((tt)*t(jj*)*)*,5,4,5,5,3
ee(e(ee)*)*,5,5,6,5,5
x(x|x)*(x*x)*,5,3,3,4,2
iooo*i*,5,5,6,5,5
p*puuu,5,5,5,5,4
iiif|i,5,5,5,5,4
(x|dxd*a),5,4,6,4,3
(ub(l(xb)*)*)*,5,5,6,5,5
(x*c|du*c),5,4,6,4,3
qiidx,5,6,6,6,5
skji*j,5,5,6,5,4
v*k(t|kd)*,5,3,6,3,3
xkcrz,5,6,6,6,5
(y(jj)*za*)*,5,4,6,4,4
(oaa|x|k)*,5,3,6,3,3
z|geeo,5,5,6,5,4
(crtrh)*,5,5,6,5,5
(u(xt)*|xt)*,5,5,6,4,4
(zk|t)*it,5,4,6,4,3
ob|c(ht)*,5,5,6,5,4
rwp*(w|f),5,4,6,4,3
(i|(wknk)*)*,5,4,6,4,4
bdlyv,5,6,6,6,5
f|yqfm,5,5,6,5,4
b*hvgg*,5,4,6,4,4
mujbev*r*kqx,10,10,11,10,9
exxdnyfgss,10,11,11,11,10
gowaycwakq,10,11,11,11,10
q(bscmk)*(s|haz),10,9,11,9,8
srd((lo)*ugbbr)*,10,10,11,10,10
w*rqbvfdd(my)*,10,9,11,9,9
hwyvk|a|i*|bfc,10,9,11,9,8
k(mc)*mobonnp,10,9,10,10,8
oaet(li)*bxtt,10,10,11,10,9
ry*vxbfpkrq,10,10,11,10,9
tadjykwhtm,10,11,11,11,10
la|pfo|ltanh,10,8,10,9,7
phdy|kxalol,10,10,11,10,9
edixzzpxeo,10,11,11,11,10
me|g|c|k|xyhpq,10,7,11,7,6
ti|pepuj|rpn,10,9,11,9,8
wzyqejza|ec,10,10,11,10,9
o|ivkxvz|amc,10,9,11,9,8
hogaimplrb,10,11,11,11,10
vwdcvzei|xm,10,10,11,10,9
o*ovabh*enfa,10,9,10,9,8
(pl(qq*)*)*j*mfnzi,10,10,11,10,9
qcrg*seaz(vn)*,10,9,11,9,9
ttaln*r(tz)*cr,10,9,11,9,8
(dm*mk(ie)*nyri)*,10,8,10,8,8
eduj*bu*v*thm,10,9,11,9,8
(dh*)*r(yrz(y*t)*pc)*,10,8,11,8,8
ezblzmv*(av*j)*,10,9,11,9,9
u*xqymtvg(k*f)*,10,9,11,9,9
h(ss)*(mo)*(hpysn)*,10,10,11,10,10
((c*u*ul)*zlvetv*)*,10,9,10,10,9
(a|p)*(fokmm|by|p)*,10,8,11,7,7
cc*f(mp)*qf|kwn,10,8,11,8,7
(g(u|ps(z|j)*rv)*u*s)*,10,6,10,6,5
fnq*oln(p|e)*|fp,10,7,10,8,6
hgvv(rj)*(qkwt)*,10,10,11,10,10
ad|dg(ks)*(kp)*et,10,9,11,9,8
x*eck(xu)*s*ctn,10,9,11,9,8
t|za*|wxs(xi)*u*|w*,10,9,11,9,8
t(jnr)*|i*vppr*s,10,9,11,9,8
vvm*vv*(m|m*)*mv*v,10,6,8,7,6
(v*f*f*ffv*vvvv)*,10,9,9,9,8
(do)*dod*dod|oo,10,10,11,9,9
(fzzffzzfzf*)*,10,11,11,10,11
oggoggo*ogg,10,10,10,10,9
lww(w(ll)*)*lw*wl*,10,9,10,8,9
a*a|az*(z*za)*zaa,10,9,9,9,8
tntt*t*tttnn,10,9,9,10,8
oo(oa)*ooaoaa,10,9,10,10,8
mmm(m|m)*j*jjm*j*,10,9,10,8,8
iiyy(vy)*zi*vz,10,9,11,9,8
xxq(h*qq)*xxqe*,10,9,11,9,9
(us*)*su(eua)*uku,10,12,13,9,11
cz*(jc)*zlclll,10,11,11,10,10
(sss*jo*o(sjso)*)*,10,9,10,8,9
(fc)*(fvzt*cfff)*,10,9,11,9,9
ilaiaual(al)*,10,10,11,10,10
(tm*)*m(lt)*m(fa)*m*f,10,11,13,8,9
(hhjj*)*(zys*yj|s)*,10,8,11,8,8
(wkkkt*)*efeke,10,10,11,10,9
qbmgmbe(bw|l)*,10,9,11,9,9
rouobuu*c|bp,10,9,11,9,8
ovowr*w|bvwr,10,9,11,9,8
g(wn*pw*(ewid*p)*)*,10,9,11,8,9
xbabi(ph)*hbz,10,10,11,10,9
(apd*eanvr|(c*c)*)*,10,8,10,8,7
nv(cwwds*nl*s)*,10,8,11,8,8
ennqfb*jzn*l*,10,9,11,9,9
zz*xiz*r*(d(w*gi)*)*,10,8,11,8,8
gsgbrkbu*k*u,10,11,11,10,10
(jjdjjddd)*jd,10,9,10,10,8
s*(psp*)*sspsps,10,18,18,9,17
(aeaaea*(ea)*ae*)*,10,18,20,9,18
ddfdf|fff(f|d),10,9,11,9,8
(dd|uu)u(uu)*|u*(u*u*)*,10,9,11,8,9
(j(j|hh)*)*h|hj*jj|h*,10,7,9,7,7
(w*d*w*|wddwwdd)*,10,7,9,7,7
dg*gddgg*(d*d*g*)*,10,8,9,7,7
(rd((dd*rrr)*|rr|r))*,10,9,10,8,9
aaa|aza|az|za,10,6,8,8,5
cz*l(czc)*ziiw,10,9,11,9,8
sdk*d|(o*k)*ffkf,10,9,11,9,8
h(qj|h|jl*)*|j*yyl*,10,7,11,7,7
i*iiutv(uv*nt)*,10,8,10,8,8
((pkf)*pp)*x*xpfy,10,8,9,10,7
(b(oo)*(ppo|fk)*|b*b)*,10,8,9,8,7
vava*qv|vhk|v,10,7,9,8,6
wwpcpwccpb*,10,10,11,10,10
mmgg|i*uumiu,10,10,11,10,9
(u|(a|p)laa)*a(nlp)*,10,8,10,7,8
(q*h|zz*hzdqqz)*,10,8,11,8,8
wj*tn|vdt*vu*n,10,7,11,7,6
q*(e|(q|p)*x|pvz)*gv,10,8,11,7,6
(w(r|k|sh)*(i|k)wia)*,10,7,10,6,7
(fqjdk|(km*xa|d)*)*,10,7,11,7,7
((gh*(gz)*)*hx*gk(z*k*)*)*,10,9,12,7,9
x(yv)*p|o(zn)*pmk,10,8,11,8,7
h|c(i|(c|c)*)*(ij)*p*bb,10,8,10,7,7
(inz)*(vs)*(v*l)*p|k*p,10,10,12,10,9
ylpka(vk(k|(y*|c)*))*,10,9,11,9,9
dxnvynktxpgkjrzan*y*xl,20,20,21,20,19
eq*acoskxvm(cw|((jj*)*ougn|gp)*)*,20,16,21,16,16
xufjgnjwabkdnlk|mciaf*,20,20,21,20,19
onppbgwszia|ay|du(fd)*qtm,20,18,21,18,17
laizcifrro(jakb*bak)*rqi,20,19,20,19,18
zkdeimhdnlpx*kairpsog,20,20,21,20,19
((abllgh(op)*)*dzb)*fjit(iv(jwr)*)*,20,18,21,18,18
rihevxzfsdnenggcjrmj,20,21,21,21,20
(pjm)*ik|ofsfytcjpdkxeud,20,20,21,20,19
odmmswuegsrcoteiwfox,20,21,21,21,20
dasqkvqnjegxebpoo|xer,20,20,21,20,19
xsxzucfpctatg|b|t|wyruh,20,18,21,18,17
oqwadbwgielbv|jyvp|c|m|w,20,17,21,17,16
nqngefd|w|dscujli|s|qcnv,20,17,21,17,16
pdfftntseablt|hcluvci,20,20,21,20,19
msibauscfjvkxosjngga,20,21,21,21,20
urjtpitwwflst|meupggn,20,20,21,20,19
vhefy|wzppg|yjwt|n|sqlco,20,17,21,17,16
yj|ichzny|fppanas|kdq|hk,20,17,21,17,16
cuvzj|qdxl|ktmfmh|hoeum,20,18,21,18,17
nfjtkmb*p(eexflwap)*yxdb,20,19,21,19,18
s*(r*a)*kbyhf*(nerirn*hydlhq)*,20,18,21,18,18
e*(pr)*cxfjkxp*vuyqwgcuzt*,20,18,21,18,18
py*jt((hf*b)*w*j)*(lffg*dqq)*ox*vq,20,16,21,16,15
mr*(aw*)*(n*niapre*t*)*fxf(q(opwq)*)*,20,16,20,17,16
xxmd*fj(b*ds*y)*mtceptzfaq,20,18,21,18,17
(v*rfm(fq)*(v*f)*yr*dr(zki*tjfco)*)*,20,17,21,17,17
(cjqku*e*dv*ag(m*f)*fw(b*h*k*a)*qn)*,20,16,21,16,16
ffvis*h(ki*qwan*xokqky)*ow,20,17,21,17,16
(mtljyn((vys(aq)*)*dx*tv*ohv(ui)*)*)*,20,17,21,17,17
(jki)*(d|(o|i)*)*(rih)*p*qj*ttyp*x|c|of,20,15,21,15,14
(eg*(k|h|z)*s*(on)*)*(mnz|mmdj)*t|eixs,20,15,20,16,14
z|wq|nb|iuqzi*g|jcz(nh(we)*ge)*,20,15,21,15,14
ev|pdugjbq|hiz((c|y)(t|i*)xqlv*)*,20,18,21,18,17
(c*bwzt)*g|qqehtont*l(ch)*j|vp*,20,17,21,17,16
x(y(i(kl)*|igxw))*f*e|x|q(t*f)*|s(s|z)(l|e)*,20,15,19,14,14
z|kh*xn((g*|eqp(m*r)*)*p(sl)*)*|wp*qwki,20,16,21,16,15
u(wqj*zb)*ae*|e|qveiwk*fyqos,20,16,21,16,15
j|gpyg(kf(ul|pr(qa*)*)*)*(hv)*swm*v*x,20,17,21,17,16
((f|a)bw*jmq*j|(s(f|u)*(jj*)*|n*eeloj*o))*,20,13,21,12,13
tmttt*|mttt(m*t)*m(mmmm)*mmtt,20,15,18,18,15
lhlhl*lhh(hhl)*|hhlhh*ll(l*h)*,20,17,20,17,17
tt(iit(ii)*iitt|tti*ii*titt*)*,20,21,23,16,21
(l*l)*lllleelll|l(l*l)*ee*l(l(ee*)*)*,20,14,16,18,13
(x((d*x(xd)*(xxxdd)*dxd|xx)*(dxxdx)*)*)*,20,52,56,17,52
zzzuuzu|((uu*z*z)*|uu|(zzu)*)*(zuuz)*,20,26,27,18,24
dp(dp)*d(d(d(pd)*dd)*)*(dpdpd*)*dd*(dp)*,20,30,34,16,30
c|c(c*gcc)*gg*gcccccgcggcc*,20,18,19,18,18
(r|(xrx)*(xrr)*rxrr*r)*(rr(x|rx)*r*x*x)*,20,44,47,16,40
offooff(o((ff*)*|fo)fofoo*)*o*ff,20,23,23,19,22
a*j(aai|w*)*la*|lww*j(ii|llj)*ili,20,14,20,15,13
(ez(f*cic)*(ei)*i*(ce)*)*eieicc*efz*,20,22,25,18,22
b(e|rrb)*(a|bm)*mr*m*ma*raremba,20,16,20,16,15
gr(zg)*u*lrrurrzurzz*u*glu,20,19,21,19,18
szysv*vyz|z(vv)*(yv(yv)*xx)*szv*,20,17,20,17,16
nww*cc|tczznnwnzw(tnt*)*(tc)*,20,20,21,19,19
wl*mjhljljh|wjmhlmjl*h*l,20,19,20,18,18
(mc*mm(mhpmhh*pih(ccc|(icph)*)*)*)*,20,17,21,17,17
n(bfbpdp|nbd)*(fdpdbp*b*)*b(bd)*,20,18,21,17,18
s*sh(v*x*h*q*x)*qv(qvq)*xsh*qxss*,20,16,20,16,15
undaedtsdeg*atugus*edt,20,19,21,19,18
(pcp)*igvgcavg(n*pp)*(v*i(ggvg)*)*,20,18,21,18,18
crjz(xzx*j|(w|f)*e*k|jce(rf*wzi)*)*,20,15,21,15,15
djv*nb*gjpbjfgfssjw(pvd)*,20,18,21,18,18
(fleein*n*dz(l(ff*)*)*)*fd*n|ni*(und)*,20,18,20,17,16
r((oh)*|rhx)*|l(xplp*)*(dw*|x)*(d(wadh|o)*)*,20,17,22,15,17
(canjcacjf*fl)*(ufvojfj(jj)*)*,20,18,20,18,18
ucncn*(ciw)*(kkk(uuu*vn*n*)*)*k*(nw)*,20,18,19,18,18
brbi*bsvhrh|jjhsr*uhvv*b,20,17,21,17,16
fx*lkebh(hib)*(f|pfl)*(f|x)b*|p*w*k*,20,17,20,16,17
tt(mt*t(mm*m)*t|tmm|t(tm)*)*(tt)*mtm,20,29,32,15,27
((kkkk)*(xk*|((kx)*kx|(kk*)*)*)*kkxkxxxx*)*,20,20,21,18,19
i(iz)*z(zz)*(zzz)*ii(i(zz)*z*ii)*zzz*,20,18,21,16,16
hh|hhho((o(h|oho|oh*o*)*)*h*ho)*o(o*o)*,20,15,17,16,12
(mg((m(gmm*|m)*gm*)*(g*g|g*g*gm)*)*m(g|m))*gm,20,31,33,14,26
(ip*iip(p|i*)*)*i(i|p)*ii|pi(i|pp)*|ipi*,20,21,25,13,21
ka*k*akaa|(a(kk|kakkkk*a)*|kka*)*,20,22,25,16,21
yuy*yyuyy*u|uyuuyyu(yu|yu)*,20,16,18,17,15
s|seseeeeesssseeses*|s|s,20,17,18,18,17
(sso|sso*sss*ss|ssos|ssoso)*,20,16,19,15,16
(xewf|wfbexwbew(w*wxe)*(eww)*)*,20,19,21,19,19
(gg)*n(yo)*gyneg(gg)*eeyen*|o*g|e,20,18,22,17,17
h|o*|dww*tt(thww*(t*w)*|hhdto)do,20,19,21,18,17
qjnc(cnn*q*)*ejcc|ncjj*cqen,20,18,21,18,17
r|c|(nnn)*(n*gn*xx|cc(c*c)*x|xg|nrg),20,13,18,14,11
((j|v)(v|oj)*je(ovo*vjoo|(j|o)*e*jj*j)*)*,20,23,30,13,21
(m|x)|gghmbmx*hhh*(bg*g*)*h(bm)*xg,20,17,21,15,15
(z(m*w)*|(jjzj)*mmz*j*(z*z)*nm)*|jnm|w*w*,20,20,21,19,18
(ae)*n|ngea(lal*)*gn|nlg(gn)*|(a|na)*,20,18,21,17,17
kq*|i|s|q*(u(ki)*)*k|ku*suisk|ksku,20,14,19,14,13
pp*qopr(q(imgqa*)*)*af*zo|(rpqq)*,20,19,21,18,18
f*lgitx*lgvxeig*xrd|vd*d*g,20,17,20,17,15
hngnsi*f*zs|fhznz|fz*hbz*s,20,16,20,16,15
fq*x(qvq)*|w(xx)*(((v|(xw)*)|(rx)*)(wf*r*)*rj|v)*,20,16,20,16,15
zjvsvts(tv)*|ttrvvrscrcg,20,20,21,20,19
z|xy|(babqa)*x|a*(x*z*)*my*qlml|z|b,20,16,20,14,15
zziawmrz|rhtz*u*e|ii*m*wii,20,17,21,17,16
((ht)*u(ub)*h(wk)*k(h*thhuu)*(wihiw)*)*,20,21,24,18,21
(nx)*ln(w|c)*ncfff(xfqn)*nxqqn,20,17,21,17,16
qbg(b*bkb*w*bk)*rcwb*g(b|f*)rkc,20,18,20,18,17
o*rcdgrsqvaicrw*grrvngdualyo|jlnw(iqsz)*mv|fg*wkvuvz*rosrup,50,45,51,45,44
wpqpuogahnipyycwtrnzpqcjwqtplmpqvwmjv(rw)*gxoltcosdxj,50,50,51,50,49
(feswlxylv(hw)*ou|aifblqdpenuefekqemzyoq(rq)*wrpahoilszcut)*,50,47,51,47,47
gtbuqcu(qd)*x(xz)*hzotolfrjgclotbklleyhd(tw)*w|terwldbo|zjl(yp)*,50,46,51,46,45
fzdbwcjwsgpwww|wqlckkarcpoapfz*zwyqjvbibtikwphgynlna,50,49,50,49,48
xznyztoawogfipbklm(tn)*|npupln(jt)*fp(mr)*em|fw(h|d)*(xf)*if|tsh*w(ci)*vk,50,42,51,42,41
wwjwljfvfqlvp(zg)*fdwgqb(fpm*ve*t*tk*)*jjnfsydym|dnt|rchkfdgja,50,45,50,45,44
va*bej(qifp)*xw*btfb|wcsajyczheplzuwcpcbbenaqs*|s*oayzu*nzwz,50,45,51,45,44
s|p*rxehq*gnwo|(af)*vteb|hgftuklo(dgdpl|tp(hv)*djuqwvqx*z|ce*l*wjhi)*,50,42,51,42,41
lolqkxqmrcdkxa|qhjzar(io(qnl)*)*(narff)*(sreu)*|t|shbfgibloey|gtok,50,47,51,47,46
ddboh|zcs|wxujwl|yqzgkn|ibwlezm|a|x|p|ckuerunddkbx|mhvepcy|o,50,41,51,41,40
j|s|hzfdaq|mqzbktuh|wfptpruiz|m|mmgn|vn|oyqjpyofwst|rf|g|wkmt,50,38,48,40,37
t|mzynmuclnevbfyjgd|lek|yct|hhvkg|ayi|wbhfuexr(j|u)|d|d|wldbqx,50,40,49,41,39
h|s|o(rpx|wbnfa)fyhqbd|wn|pfo(r|v|q)lbp|q|zrczqwqqfcmsn|qvv|tdqbh,50,40,50,40,39
w|r|yrwza|afc(m|m)ffcypiqzaxnhuhmfe|mvvxqmoaup|ul|tpu|htdkrp,50,43,50,43,42
vrasxebexlvf|wz|wvc(t|dh|r)yaxycvfejpcfxgmjfvwcwz|rbjctzk,50,45,50,46,44
icwoyevfv|jpda|kwts|d|ag|bekhxkivfixfbpt|xxqc|q|x|fbblox|hzr,50,41,50,41,40
fmzyp|k|dor|uzjkp|dpblffceuy|eouo|kz|dbgj|nezqkvnpy|tvxv|trc,50,38,47,41,37
vr(q|s)bzxujjezajj|qtmos|sgkkxrnwqamfjgwaiwtgbdrqccbhrw,50,48,51,48,47
qifcpdtzbt|nheabvwcvnjawpescwzqx|wbmpgquu|hswuxodwexx,50,48,51,48,47
(x*fb*k*ue(mu)*fs(ucdj(icegln)*)*mb((xvvt)*dckk)*h*s(cqy*)*rx(zs)*mlab*xt(o*me)*o*i)*,50,41,50,42,40
dsfmczed(y(xb)*iwncpt*od*oa*o(gj*)*arxtd)*u*ffafbw*jrv*qzga(og)*cz*dsd,50,41,51,41,40
((r*m*)*u((y*j)*byasf)*od)*(hyevxpreactsd*p(hf)*nx(triqp*(oc*)*bsz*nw(ig)*jzei(vr)*)*)*,50,41,51,41,41
(z(ob)*)*ypv*bwhri((uxchcgnyfiw*p*xhu*ha*diy*(lh)*)*(qlhlcsb)*wifx)*xreeem,50,44,51,44,43
rx(treru*(z*(sl)*)*w*c)*xpi(dj)*ovf*x*lz*yugzm(s*y)*tpiqlbph(zy)*arc*z(iz*)*vvjt,50,41,51,41,40
z*bbq*rxc*u*ym(i*muj)*yqm(yov*h)*dd*apr*w(fg)*g*lg((bo)*z*kjmx*(wh)*xg*)*h*aitibg,50,41,51,40,40
gbprmkrnj(cr*o(cvm)*muilqfx(nn*e)*)*lkbdknjxmnylraubez*f*ov*f*fil,50,44,50,45,43
t*e*e(hpmpqhle*(fykjliw*it)*d(gxz)*(zo*)*buy(oawx)*)*xyd*lb*bf*a(rgndlkt)*ge,50,41,49,41,40
(ymdsdlxgatxx*oewyepzqje(n*n)*ggr((ai*)*d(wqk)*)*)*((ed*)*p(cc)*)*yar(jq)*c(d*p)*jezm,50,43,50,43,41
(yi)*buk*x(nqc*e)*spzzi*kth*(m(eda*)*(aqnn*)*)*y*(ikd*)*cgrbm*ni(ud*)*l*amx(grxi)*nf*q,50,39,51,38,38
(((bk)*jw|o|xp)nr(yv)*)*(p|tqlbb)*kmqbe*jkn|bxyjo*yt|ehap(s|j)*mv*(o*|tr*)*gqs*ptr*v,50,37,51,37,36
((tu|vz(mh*bu)*c*l(f|u*b)zcp(aod(cd*ma*nlmfz|qtuf)*do*otu(qe)*)*)*fd(fi|ei)(snrqk)*)*,50,40,50,40,40
zpfq*tn*tv((nh|o|wc)*|a*ha(uhq)*omfy*gqr|si(i*|zo*bepblmp)*pygz*nt*)*(m*|g|ka)sj*,50,36,51,36,36
(tc)*gw|us|wypra((abqkqj)*odz*wm|i|v(up|n(n*u)*lzjwxpclpraf)*(de|xh)*fo|bs*b*)*,50,41,51,41,39
grhphknvan*rgkhgp*e|zd(kj*q|ro|n*jr|c|ex*g*ctp*y*sv(a|v)*qc)(t*(a*c)*)*|yzwcwy,50,37,51,37,36
(k*|v)f*(hy|d)*knyn(rc(k|y)*aa*)*mhsx*ts*|t*gkecea*s*y*m|kmlqxmsko((my)*|nl)*(liqbi)*,50,41,51,41,40
z|t(d(tf)*)*(ao)*(b*(t|ab)j*b)*i(j*q*)*j*f(jsqkay|(q|j*h)|xl|v*ql)*sv((wc)*rt|(h*|fct*a(l*og)*ponb*)*)*,50,37,50,36,35
((sl)*tbhme*|a)*p(dkz*n)*s(n(c|j)*)*i*ll*bs(mjf|rdmvubwtd*eppzokvlm(m|az)*am|jl)*,50,37,50,38,37
(m|wyphs*j*gqiysfton*p|(ra)*oetm|w)*vi|zi*i|vqn*xn*hmn|w|p*uxsdatfvvu|r,50,41,49,38,40
(a*d)*(l*axpdw)*o|zxqt(hrwy(c*y*v)*|zc|((mk(h|v(tm)*)*)*w*w)*)*vc(qqt)*ja|z*(vl)*(wa*)*qb((on)*(iz*uj)*)*,50,43,53,40,41
(b(bg)*)*ggb*gg|b*bbb((b(bg)*)*gbbb*bgbbb*gg*(bb)*gg(b*g)*gbg*g(bgb)*g|bg*|gb)*|(bg*)*bgbb,50,176,180,37,163
xl*l*xll*xlx(ll)*(xx)*ll((l*llxll*xxxl|xll*x(xl)*)*x*xlx*l*l*lxl|xl)*xx|l*l(l|l*xl)*,50,98,106,40,95
((fff*)*(l*(ff)*ll)*ll(l(f*lff*l)*(ll*)*l*llf)*lllff|f*f|l(f|fl)*fflllll((fl*flff(fl)*)*ff*)*)*,50,259,279,39,255
(uuu*mmmmmmmu*u*uu*|muummmu*)*mmumu(mm(mu)*u(um|u*u)*u*mumu)*mm*|mmmu(mm)*um*,50,54,60,40,54
pkkk(kkpk)*pkp|pp((kk)*p*kk)*p*kpk(pk)*pkk*kkpk(p*kp*kpp)*k(k*k)*pppkp(kp)*ppk,50,56,63,42,54
qll*(l(l*q*l)*qll|lq)*lqq*(l*q*)*(qq)*qq*qqqlqlllqq*((l|qql)*lll(qq*)*|(qllq)*)*qqlq*lq*,50,85,85,40,83
(p*p*(p(pz)*)*zpz|(pp)*(zz)*z*pzpzzp*p|zzpppzp)*((zp(ppz(pz|p*)*pz)*p(pzpp*z)*pz*)*pz*p*zz)*,50,331,336,39,303
(h*(h(hh)*)*hhc*cccchcc*c*(cc)*(cchhc(h*h*)*)*hcch*chcch|cchc(hc)*h*c(c(ch*)*)*(chc)*cch)*,50,121,131,41,113
d*oo(ddooddod|do)*dooooddo(do)*(oo*)*(dd)*ododddo(d|d*|ddo*od|(ddd*)*oo|dooo)*,50,38,48,39,38
(xhxhhhx)*hhxx(xxh*)*xhhxhhh*xhxx*h*(x|hhxh*x)*hxh|hx*x*x(xhxxx(hhh*x)*x|x)*,50,49,57,41,47
wxup(xx)*(xw)*up(p(w*x)*uuuxxxvp|uwxuw*uu*pupwuv|pp*wuxvpu*(x*(vv)*v|v)*pw*u)*,50,41,50,40,40
(m*xx*n(om)*n*n*om(xn)*)*m|x(mxvn)*nom(nv*o)*xov(omv)*vxvmxonx(vmv|v)*vooo(vx)*vo,50,46,53,40,45
jxjugum*(x*umx)*xj*|mu|j*g*guj(mu)*|jjguguj*u*(x|(uu*)*mx)*(jjgg)*(mgguj|g*juu(uu)*)*,50,51,58,44,49
p*pbfzf*fp*zef*pfffpbb*ffz|fff*z(bb)*zfb*eb|((epbf)*fbf)*ebf*fez|zpzez,50,40,48,40,39
(((hzz*zv)*|z|v*|zhzfh*htf|zf)vv*f(v*z*ff(ffhf)*(hf)*)*tfhzzvfzhtzv*t(((zh*)*zv)*tht)*)*,50,46,51,42,45
s*(sf)*(fw)*fwhsh(hh*s)*(fs)*fhfwwwjs(fhwj)*shff*hf*|jwfhssffsj*(js)*js*whf*,50,42,48,43,42
a*ad(u|u)*taxu*aud(tu)*|((dt*xadaaxud*|du)*xtaxt*u(uddda*(x*a*ada)*)*(ta)*|a*(a(ad)*(ud)*)*)*,50,61,64,42,61
(ki*io(icoic)*(c(okc)*i*(ci)*o|o((yyi|y*)*yo(yky)*)*ic(kc)*ii*(co)*ky)*)*(yy(c*i(cok)*oi)*)*(yc|yi)*,50,38,47,40,38
j(xm*)*(jmj)*(xa)*ja*j|jjmxazaxaj*|m*x*zjz(ax*)*(m*m)*xzmxxma|xxzjj|zmam(xa*xm)*,50,43,49,43,42
jp(rp*b*)*z(pj)*(bjj)*zpzrpjp*rr|z|brjbbjrbj(rb*pzp|rpb*)*jzp(j*rbj)*p*zjbb,50,43,50,42,42
((hl)*(cx)*hrl(ltk)*x*f)*(jhf*ktr(hj)*)*jltvfxc*hxflxr*lfttfc(tr)*l*ktk|kxhh*h,50,43,49,43,42
(l|chlccffuhgru(g*t)*hu)*|uhc|cu*ghh(utcchugg*rrrf*r(lh)*hn*(m*n)*|(l|lht*fr)*)*,50,43,50,41,41
(ek)*((evzk)*pz)*(yu*v*)*zz(zzeek|ze(e*|ks)*)*((usukp|zz*(xeu(xp)*)*)*z*s*|(y|d*)*(yuv)*vs*yv*dzux*)*,50,38,49,38,38
z|pdzofpxxtytd*(ox)*(zy)*(xyx*f)*(xztof(tv)*)*((xtx)*pp)*tdzww*ztoftttzpyyo*,50,46,51,46,45
oh(is)*(sr*r)*(i*o)*(rohm*r*hs*moirj(d|cjnm*m)*(d*(c*rnh)*)*|m(jd)*)*cjcn*jc*(mmhoh(od)*mh)*,50,46,54,39,45
objrkfk*ko*oqkj(bc)*qb*qq(bq)*b*jq(db*d*)*cdoaq*abk*c(r*a)*a(d|a*)*(k*r)*dadkdfb,50,46,54,40,44
((lb)*u*j)*a*ljbbf|(v*w)*|accau*lwabjxxf(ac*bvww*)*bvu|cabb(lb)*f*ja*fjfx|f(jv)*,50,44,52,43,43
nz|siu|jj*si(k(f|m)*)*bz*kkzbfz(m|ffbkj*)*ikkumuns*nkfz|snzjk(bnf*jk*(nu)*)*,50,39,50,40,38
(zywmaz)*((wu)*y*j*m|e)*kje*szmwzyuas*sk|(j(uu)*em)*k*jkkkwue(sj|z(yas)*s*sa*ea)*,50,47,52,43,46
aa(ge)*ca*vec(gv)*(qg)*p*pvre*k(er)*qe*eek|e(rc)*(p*pvqa*(cke)*)*gg*plqa(gk*(qcc*|c*e))*,50,37,48,39,36
kkkx(kk)*k|k|k|xx(kkxxk)*xkx|xx*xk((x*x)*kx(xk(k(xk)*)*kx)*k*k*(kx)*xx(x|(kkx)*)|xxxkxx*)*,50,78,80,41,76
n(bn*b)*b*(bb*n)*b*(bn)*(b|n*)|b*nn*n(bn*|bbbnnbn(nb)*)*bbbbnn(bnnbn((n|n)*n|bn*b*)*bnnb*b*)*,50,66,70,41,61
b(b*|bb*)h(hh*)*bhhbbhh*h*bhb*hh|h(bh*|hb(hhhb)*)*b*b*(hh)*h*bbbb*(b*h)*|b|bbbhhh*b(bh)*,50,54,61,41,48
(lwllw*lww*lwlw*l)*wllllwll(wwwll*l*)*w|(lw)*lll*lll(ww)*|lwlllll(llw(wl)*)*,50,47,51,44,46
g|dgdddggd(d*d)*ddgdg*dgggg|d*gg(dd)*ddg(g|d)gg*ddd(d(dg|(g|d)))*((dg*(gd)*)*|ggggg),50,51,55,40,46
o*k|ok|ko|kookko*oookk|oko(kok*ok(o*o*ok)*ok(k*k*k*)*o*k*kk)*k*(o(o*k)*ok(o|k)*ok*(o|k))*,50,58,68,36,56
(b*((aa|baab*bb*aa)*b(b|b)*)*bbbbab*abbb|a)*bbb(b(a|a*b)(b*|bb)|ab)aa*|(b*|ab)bbba(b|a)(a|a),50,124,131,39,113
u|umum(mum*|mu(umm)*)*uum|uuumuuu(u(mm*)*)*u(um)*|(uuuu)*(umu|u|u*m*mmuu*(u*m)*mm*|uum)*,50,129,141,42,120
lllml*mmlmm(mm)*|((m*llm|ml|(ml*)*)*(ll)*lll|lm*lmlmmmmmm*ll(mmm)*)*mmm((mm|ml)*ml)*,50,108,112,42,101
qcc|cc(qqq)*|qqcc*cqc(c*qq)*qcc*qqc(q|cq|qqq)*qqqqc|c*qc(q(cq)*c*c)*c|qq|qqqq,50,35,41,38,34
((r(rxarj)*|reaj*j(a*a*a*)*jj((ae)*|jr*)*)*|(jje(r|rar|a)a|e|jaa*xrxjj*(e*|j|a)*jxx(xe|ra)*j*j*)*)*,50,49,56,34,49
(y|(ynb)*(y*p*bbb(pnb)*y*pc*y*nnbpb)*(n*ppcyb)*(y(pn*yycb)*)*yb|(cyy|p|ybypc*n|pb*cn)*)*,50,62,70,39,62
(xqhxs|scxhcxhhqx((sh)*|ch)q(hchh*)*hx(hc)*|xcqsshcq|h|h(cx)*(sx|h*)*xc*xh|xqh)*,50,46,51,41,45
(too|r|d*ok*(ookdod*o*rd*rotkdokr(k*rd)*)*)*trttd*d(tk)*|od*r*|r*d|k|(o(dr)*)*dk*(t*r)*rk,50,60,65,39,58
(d(x*x)*|(sxy*xyy)*)*yz*s*|xzss*d*dyd*|zzsy|yyszzy(xs*((s(y|dx)*)*|ssy*))*zs*|yxzz*d((dy*)*xx*)*,50,37,47,38,35
(lq*iyq|k|iiy(iy)*l*kiy)*((l|ky*y*y*|yy*(lqy)*l|l|li)yk*iyillll)*(yq|l)*|li*|kiyi*(lkk)*,50,47,52,38,47
h|(zzrpp*)*|rz|zhz*rr(pz|fp|(rrrh*(fzrr)*)*)|h*|p(fffffff(h*p)*)*(rp(hhf)*|pz|z*zr)*(rp)*rr,50,44,52,41,41
((i*m*timz)*mzz*(i(i|n)*)*|n|izni|nzn|m|zmmz*mi(n(i*mnt)*)*(i*n)*m|ntm*mm(zi*)*ntz*mt(z*zm)*)*,50,65,77,37,63
(dbp(ea*debdea|d)*)*(deddb|(dd)*a*deb|eb|(aa|d*pddba|adpbddpp|epdbpd*)*ba*a)*,50,56,62,41,53
a*z|aa(zna)*r*mmaazmm*rza(ar|a*z)*rz|(zm)*mmr|n*an*z*z|(a(zm)*z*rz)*(nmmm|a|nm*(z|nr)),50,46,54,37,45
o*q(pqqu)*|f(wwww*f*)*((q*t)*ypp)*(y*|u*y(ua)*fw*a|f*y(p*w*u)*|w*w|y)fqq|a|pu|(y|a)*wapf*(ou)*ufo,50,52,61,39,51
kv(r|d*f|wy*(r|d)*h*|(rk)*)*wd|v(r*r*vykh)*ff(u(rny)*|ww)r(d|dhwk|ykw*n*)*rf(vryn)*fvr|ny,50,39,47,38,38
(nchu|ss|n(usnhs|u*)*tny)*y|ut*a(u|yt)|h|au|m*u|gm|y|h(c|m*)uhucm(umm)*cyss(at)*y*h,50,37,48,36,36
(oqx|o|f*nxbnb(ci)*)*(oqoi*b|c*c*)*(b(c|q*blf)nnornn*(rc)*l*r)*nllqq*|q|(l|(bf)*)*(b|l(o|n)*bf)*,50,46,55,39,44
((kc(c|w)s|s(wo*w*)*jd)*(cio(jx)*ok)*w(r*s*(j|i))*xriiodc*doc*|(sodwjj*o*(sd)*)*(iod(o*s)*rdc)*)*,50,43,53,40,42
vww(wxb)*wnxxw(bb|(vs)*rb*xcs(ii)*lv(w|i)*)*|sxbn|bsrv*|vw*slws(i*cb*wvv)*l*icc,50,43,52,40,42
qba|kkzmz*pea|bt*z*zd|p|pb|b*mm*q(e|z)*|aak|kd(a|kt*mp*)*z|qb(q(k|k)*)*(qzq(qam*)*zk*d)*,50,31,45,33,30
cm(c|w(w*i)*)*o*wo|fwok*|x|(mlh*)*cc(ok)*l(lh)*ihfom*|hhf*l*fcow(x|micx)*xkmxhoxw,50,42,51,39,40
((et*ba|u|r)*buaw*|bb*v(xv*)*bu|xe(r|fwb(t*b)*|rw))*(uxx)*|((a*fu*vf)*ete)*ew|a*fx|(f|e)abwwv,50,44,55,38,43
(otoq)*t|mk*k|ulobmtl*gbo(k(xo)*(l|x)*g*(gxkmq)*bk*|(m|l))*x|kobqbqol(xb)*mk(u*ok|x)*,50,44,53,39,43
zmkdr(p*ni)*(y*(qc)*)*dxlmuzp((ld(gp)*)*ervtnxu)*(lzg)*jmbazpo*xfz(olv)*r|lcy((tnktvq)*ycl)*i*bvecwaix(pgs|d*yj|bguupnvi)*o*ips*i|owl(uf)*dozm*w|dbzv,100,86,102,85,85
irkzfywkfxvvhdi|bg|gs*raps*gapmd(xsjlztqdv*wesoxmn*u)*hmcfrpm*n*nkrjd*ebhktqj*ddi|ollvp(no)*|taoasesgtonwsmhqdal*kmz|jt|d,100,85,100,86,84
l|qb|mzdtfdqfzfqaghoqfcr|xbgukitas|eyemsjjgxuiwg|dgyjolj(uzkgequrs|jigq)*oklcx|gbf|kkh*ytw(zpuon)*ah(ktm)*uflbhvrkhya*i,100,88,101,88,87
(bf(ntmm)*j(oz(tug)*)*(arnho(g|t)|he|qcsh)q*i*ixsbgbvmdjluatlv*iffx(njsz)*h*vmpq|qbnlap|(yz*|vgs(ss)*)*ywyhruxthkjyvs|kdwfs(jp)*(bae*)*zcscrgb)*,100,84,99,85,84
escm(fgq)*ftnndmlevegkkm|(ed*bgc)*prabx*rjdipsjdpdphxkeptx|fbsj*oimzxbfxhiajv*ofxxijwf|jjgezrqcw*zomhgnbuyxgltpjlg*,100,91,100,92,90
r(ay)*uznrc(xd)*illg|b(ewg)*cssdbwsjuj*ntonnvwgbebkzp|ee(m*a)*hh*hzmpsrgcf*gzgv|dcycaokvnhcheuanzwhsi|wnxda|eaf*pphga*ty*w*rk,100,85,99,86,84
y*kqoqun*u(d|el)*sjycpvfowvaix|vpgyatcnnvcdo*qrdhzmenv*jwsenctbqlejn*cjkdsk(f|bxduw(pk*hmep)*)*lycad|lcfjlskqygueggdmbc,100,90,101,90,89
ruunzuckbi|hinmn(kry)*oeaq|dyvwj(oizj(wedkjm(ni)*qgm)*)*rclv(sjbkh)*scenzqch*bhv|jkwcmlsxugujhpcs|pik|dqvqrn|fglemnkxxbbhw,100,88,99,90,87
sbcgjszqsiofloyoi(gq)*lwirqeqdr(hn)*yue*|zzwf*hofibc(cragfxqkuau(xf*)*fgyx|f(ttn(n(a|r))*)*|nyhpmaffxlzg*(jshpysu)*(on*fclv|mt)*oc(ep)*kf)*,100,89,100,88,89
zb(pc)*n(qz)*d|pgebugz(fn)*gvzfejvmhgy|thyl(bg)*|mj*|hrb(l(hr)*)*r|ufoidjsbp|(w(ui|b)*)*k*tbtzvw|yitiuqjgy*gso(h*g)*fjuisoarehdphat(xiqamn|qm)*,100,85,101,85,84
cuztucf|ijjfok|vvayok|avoumgqpr(v|xxcqu)klm|zg|pdnnkx|ko|njfvah|uui|(rk|ic|jrlds|h|m|lyuo|l|f|xeov)kcct(b|p)jargdsbcgwygotfx|t,100,80,99,81,79
neddlklqm|heobjpzayujuzrlzc|bp|binan(k|f|epfpe)dvskovsfbrnroilwrcgm|fcuahgmcxwxzktolscuxaczqf|wujffcq|cjfyllcc,100,92,100,93,91
qdhuaadjcjvptxxrdufwedspi|ntszo|ikyrd|u|di|qyg|nsehidpmao|kbsr|k|vt|ajxnyfhvwpylrqoyvqlhmif|hxyf|wbrxhqqftxkpwvw,100,87,98,89,86
j|hv|ogdma|tagv|qy|fmkfayy|kp|kz|cd|lkspj(gkqdvafzq|spy|srsjcj|dp|nf|kb)bz|vo|pezt|skzupzbk|rzgox|orzzmlpjjjt|l|avkck|miq|pei,100,73,95,78,72
e|jiogwt|fsjcen|p|lshwpetdj|mflipcow|pwou|wxpjos|bhnwek|jlabeyrc|hbrqnl|u|onef|e|lc|ekav|f|n|jnfxys|qx|cgwba|cal|r|meia|rqwv,100,72,91,77,71
y|nprvhqobjoncua|j|vcj|lhqcgmd|usesxjjecksqdsic|tbtfqzymdiqqw|msrmmhbg|blrca|fud|uocajog|p|e|wcnnfsi|wdshgos|dqrjur,100,84,99,86,83
r|no|pryabufsi|edqcmims|i|v|yqoidtvczpye|wcthfobepozhot(m|o)opjb|ukcljtqlzydoohhgjujussuue|fxoecqvi|tbn|zvlduj|oqhg,100,88,101,88,87
emh|lqeh|ppdhfpocuczngfkx|poluaqb|fhh|nezcbsr|leksrqkyknv|ixzfysf|ujufeqb|fj|u|knyb|lrzlcgsgk|nelwhztjlvr|xk|xeejpq,100,79,93,86,78
(roqxfdxdyqwzxsffjdezc|f|hzmq|mpskyd)emxusnzm|plp|klduiwqvqtf|xzds|ds|r|txspmyjhsvyuqlyshi|ruchodkuajnenqkev|j|kfw,100,87,98,89,86
meri|q|kyz|dz|glwmkho|whyrgyduhbzz|v|vlbisypbqx(nc|sq)mi|jgash|zzyxmqny|ywpytv|ot|(vykq|telkr)ostflmrnkmaztpj|sbw|lc|xmuc,100,83,99,84,82
(usntrief(ehj)*d*e*hiqrm*)*wa(fc)*k*(qt)*(qousktu*coh*)*(im*(cy)*)*ofkp(mn)*zegn*(uk)*kjgte*(abrjnlpsj*xk*qtzb*lt*)*m(bew(q(eg)*m*y*)*)*sp*ue*kenskdk(i*qx*)*(in)*fo,100,85,102,84,84
y*acj*nai*yk*wzn(jxif)*iqkz(kjtrdum)*xvk(k*opsecuotp*i(nk)*fqemlgl*)*myn*x(rvxa)*(gxot)*qpsgfu*br*nuz(ly)*tzltg*vjrj(gm)*(ej)*m*tqp(o(pt)*)*meudz,100,84,101,84,83
(nex((g*f(vb)*)*(snz*)*g*y*vz*gmh*ujkaj(yg)*eox(nb)*yyb*ow*fz(a*y(lo)*)*qe(jmlq(jv)*)*yuudno(y*a)*sdn*ha*ep*lwpo*h(re)*(vmqxpj)*vnqkesu*b*ohr(t*w(h*t*m)*)*l*zbqj*cvg)*)*,100,81,101,81,81
wso(v(pd*)*)*qabyuba*yircp*kwwwiuuzyad*l*jgxxk(y*q)*rb((d(sb)*s*tpyiow(te)*)*e(qhfkgq)*)*ah*zir*mc*ydnwaxz*b*kxpns*jukw(qc)*pinjhbzk*gt*pbsuf*g,100,84,101,84,83
otg*i*ks((qeay)*ch)*r*nz*m*fm*y*ddtjncjcl*(podfdm)*((tc*rx*sekv)*psfs(sd*t(ly)*)*f(cpn)*(jw*m)*meo)*natfub*dq(d(hs*)*mmv*)*izbk*jyw*nb(sfp)*mfq*wllbfrmvi*q,100,82,101,82,81
ieiknk*kvechahfw(ajp)*y*qwfmac*cpndzyl(ebgx(bc(mg)*xj)*j*q(hqbdngje*qe)*(er)*wrd*zytdku*jmzyfrpw(ogj*q)*cle*ubky(vc*iv*pn)*jmpv(wm)*(nmhk)*)*,100,85,99,85,85
(jyqjb(efq)*q*g*ue(fm)*kqia)*(o*sn*e)*g(ndjnk)*xm*cx*ch(kh*w*jmjwxbktb(gbp)*jzfue*hk*(po)*su*tg*h(m(co)*)*deur)*y*exr(egbcc)*lckpjwkhxzkmkyddo(ho)*sv,100,84,101,84,83
hodw*lzt((rd*)*(bx)*)*vlabnuzmr*e(tzqzy*)*bkpq*us(zm*(rfkew(a(j*yi*)*)*fm)*)*kmxfrkkswem(l*z)*(j*we)*zf(uhig)*p*ansuio*m*kt(dd)*bte(w*n)*(y*r)*(vt)*(lkxi)*nta(kq)*tty,100,89,103,87,88
bwyeqdfu(jz)*kly*m*pd(zic*s*)*ql(vzd(fqj)*)*(erho)*rnjc((gcvspkva)*ra)*p*to(ltetc*l*clb(ttf*q)*)*aj*uz*pg(vo)*gyi*pltctj*u((xqa*kx)*gferx*aovndl*gs)*hb,100,86,102,84,85
vezsag*wz(h(o*w)*t*oy)*(gv*e)*(eola)*(nwf)*(jz*r)*hntapibil(xtp*(e*z*)*(zys)*lk)*(uc(gxd)*)*s*ce((x*f*)*tqc*wwlmzaklfy*cbzjdzoqy*dapwml(nnp)*)*ccmode*sj(rxl(tp)*)*,100,88,102,85,88
(uujmhv*m*|u*ngqn(g*i|ncsz((a|pm)(qmt(em)*fq|apx)*)*)*bd|wf*e(b*vc|rf(gdz|m|d|ffj)*|(j|xxajl|x)*((pu*u*)*l(j*|ye)*(ioxhhp|me(dv)*)*)*)*|kl|b(f|(u|d)*|(k|tvl|y)*|q(s*b(b*k*)*)*((j*v)*|ql)mdf*)*)|d|rvj,100,72,99,70,68
ev|uy|rihdz|vl*|ygwyxwr*t*kb(o|d)((dpmik*nov|hyuzmzzl|wdvc|lghg*p*hcp(u|jdia)*)*(xc(tb)*mz)*w(wc)*dnwziut*fjxh((uk|(ix)*)u(v|o*)*|jrt*|das|qv*|h|(gf)*t|kpr)y*i)*,100,78,101,78,77
((ol)*ovo|q(mu)*w|dapvh*x)*wssvb|gjbr*vjyvbqatm*ptoluj(c(pdgtn)*h*k|to*o)*|q*g*w|gnpf*ub*|fb*(kfaqp*jbgsezdh)*(m(g(dz)*)*)*pqg|db|(vz*lf)*q(wgs*zmho*)*bk|iv*|c,100,79,101,77,78
((jd|cg|t(rl)*)*lezewfa*r(u|abhttl)*kz*de*doy(pyh)*d(fn*|m)*b(m|r)*oiyzm(hw(b|h))*(uvt)*|(asxh|qgy)*|xj((h*(wq(fs)*)*)*(d*ye)*)*wyqt|m*slef|tfevn|kuc|kx|ye|(k|le)*ooilkgga)*,100,74,101,74,74
(z(p|ce|g)*((gum)*mm*ep*vk(d|(nsl)*))*qp*cldoq(vewxgg|xgrw*gb*(r((z|to)|st)*)*xof)*)*(in((h*|y*)*|q*w*)z|jw*|btox(aq)*ph)*bkmu*bcxv(d(sd*l)*)*wzi|c|gy(sn)*(c|vokj)*(w(sz*)*cnur|xq*(zp*g)*)*,100,75,100,75,74
((oz)*w|m(ef(ak)*a(oh*)*)*qxx(k*s)*twg*d*ddnfphw(vp)*y|p|b|vk*nei(o*w*ua)*|avkux*galh*l*|(px)*|pnx*m|nroei*(x*l)*f(cf)*)*|k(o|f)*|wqode((yf)*fa)*|irvewq|j|qcz*|ehkytugr*f(yh)*,100,77,99,77,76
uz|ly|kyqc|pvmh(fyi*g(qkkoqai|tbrkbsn)*)*(co)*(wre*u*hy*hhae*bs*nz|jw(y|xc(m(xw)*)*sq*ox|v)*)*((y(ky*p(cr)*)*)*(k|s|hl)*ciehdynlk(d*splls*cc|s)*(bqg(x*zyi)*ss|fbz*l)*)*,100,80,101,77,79
(j|y*srl*(i|l)*)*cr*z*vqra(wc|kdcm*n|vsbymzve*|xchgd(h|fi)cqxgsxt)*((y|(zc)*|pdp)*(crs*jf|(yl)*)*|gzzito(o|qq)(rmm(xu*cn|e*|m*)*)*x*du*(r|v)*|(x(n|fsx)*po)*s*v|qh(av)*wp*u*ao(zd)*)*,100,76,100,73,74
(jk*ov|(nss)*mq*|q)vyd(qz|o)*cf*|(g|dg|x*s)*z|szx*to|jrs|os*h|b*sp*|argurc(kc)*|npw*ua|nn(ekrh)*((hmpf*bnelmr(jz)*zf)*(wc)*(y|igsogi|nek((r|x)(fa)*)*)*)*(q|k)u*kujld(p|o)*yz*k*,100,71,99,71,70
(ynfze*(crk)*|klsxgloh(e*|sv)*bs*|v(hx(sfr|(g*g)*)*(unm((z|u)*|iv)*jr)*(k*y)*(v*(u|g)*(pdol)*)*|ocb|(n*dx)*pn(dt)*)*|qmqp|gvq*nyminj(k|th*|trdnopi)*skoxg((c|r)*gh)*vfp|(m|i)jqui(jk)*),100,78,99,78,76
iwiw((ii(wi)*)*(iiiwi)*((i*i(wi)*)*wwiw)*)*w|wiiwwii*iiwi*iwwi|i*ii*(iw)*iiw*ww*i|i*iw(iw)*iii*iiiii(wi)*wwwiiiwiwii*ww(w*w)*w(iwi*w)*w*wwwi(iw*)*iiiww*wi*i(iw)*,100,108,113,79,106
(cccccc|crr|c|rc*|r*c*cr*rccrrcc*ccrccrcccrcrcr*crcrcrccr(rc)*)*(rrccc)*c((c(rcc)*)*|rc(cc*)*)*crcr*cr(rccr*crrcc)*crc(rr*rcr)*rcrrrr*c*|((rc)*r*rcr*cr)*,100,182,188,85,175
(x(aa)*aaaxxaaaaax(a*xaaxxa(ax)*x*aax(aa)*(aaa*axxx*(aa)*(aa)*)*)*)*axaxx|(a(aa)*)*(xaxax)*(x(aa*)*|axaax(a*aa|aa*|a*x)*)aaaxax(xa)*((xxxaxax)*xxx|a*aax(xxa)*|(xa*(a*(a*a)*)*xx)*)*,100,176,183,86,175
df*d*|(fdf*)*(dd)*df((f*dd)*fff(fff*d*f*dfdf)*)*(ffdff)*fdf*fddd(ddfd)*ff(fddd)*fdfddf(df)*|fdddfddf*fdff*d|(fdd)*dddd*(f(df*)*ff*|fd|f*dd)*fd*fd|ddd*f(df)*(dfd*ff)*,100,386,403,82,372
((cq*q*cqcccqqqc|qqc|(qq|q)*cqqccqc|q*cqccqqc(cq)*cqc*qcc*ccq|qc*q*cqq*cc)*ccccqq(q*c)*qqcq*c|cqqq(cc)*cc)*c|qcccqqqccqqqqqcq*qcqcccqqcq,100,891,906,84,871
(jiijj(i|i)*)*j(((iiii)*jii*)*jii*)*ij*ij*jii*i*jijjjjijjj*ijjiiijjjjjii(ji*)*iiii*ijiijijj*|iii(jj)*j*iiiij*ijii*jijjjjijjjj*jiji|ji*jjjij,100,175,182,84,168
(xccxc(x|c|cxxx)*((x(cxcc*(x*x*)*cxcc)*)*(c(xc)*)*xcxx*x*x)*(xcc(xcxx)*c(cc)*xcxxxc*cxcccccxcxxccx(x(ccx)*)*x|cxcx*ccc*c|xc(xc)*x*x*)*)*cc(xx*)*xxcxxxxxcc(ccxxxc)*,100,171,186,83,168
((ee*e*yy*ye(ye)*y*y*(ey)*y*e*yy*eeyeyeeyee(y*e)*ey(ye(ye)*)*eey*ey*y(ee*)*eye(ee)*)*(y(yyy)*)*y*ye(eey)*((ee(yyye*y*eyey*y)*(yyye(yeey*e*)*)*yye*)*ey*((yyy)*eyy(e*yee*)*ee(eyyy)*)*)*)*,100,1750,1794,81,1668
h(hh*)*h(wh*)*whh|whw((ww)*(h(h(hh)*)*www)*(wwww)*(hw*h(h*h)*)*)*whwh*hhw(hw)*h*w(hh*)*h*h*hwhh(hh)*wwhhhwwh|(ww)*w*w(ww*ww*)*hw((hh)*(ww)*hwhw|h(whwwww)*)wwhh(wh)*whw(whw)*|h*h(w|h),100,234,259,81,231
hohhh(oh*)*(oh)*ooo(ho)*hohhhhohhhohoo(o*|hh*|o)*h(ho)*ohhhoh(oohhoo)*oho*ohoo|ooh*o*hoh(oh*ho*)*hh(h*hoh*o)*h|ohohoho(h*(hh)*(oo)*|hh)*ohhho*h*h(h*h)*oh(ho)*,100,124,133,80,121
((((tz*vr(rr)*)*x(v*r)*(vt(vt)*)*)*(zt)*rz*)*t*tz|(v(z*v)*(zr)*(xr(zz)*)*x(xvz)*|t(rz)*(xr*zrx)*tvt*tv*v(x(r(xz)*xtzrv)*vxzr)*t(x*(rx(v*v)*)*)*tzzxtrtxvx*z*zx(vtt)*x*x*vzt((xt(rvv)*)*tv)*xzx*xrz*)*)*,100,103,117,77,102
t*e*|e*e(tmv*t)*((yvt)*mt(tmt)*)*vttymv*e*tmtyetmte*mymt*vvtet*tvtv*|vmt(y(mv)*)*y(ev(e(ty)*)*)*vvteetee*m*myy(mtetyt(myett)*(vev|ty*yeye*tv|m)*|vvvm)*(mytv)*,100,88,99,84,88
(((byy)*bbwbw)*(wbybw*(i*biky*|iw|yw*yiwb*ikwi*k)*)*)*(((b(iy)*)*ib((ii*yb)*w|b(b*b)*)*i*k)*i*w*yyiki|wkww(y|iywyyw*ikiwi)*)*i(kb*)*wykwy|bki|(wiiiyii*)*(yi*y(iw)*k*wb|yikby)*,100,126,139,82,122
(((v(qo)*(ovqa)*qaoc)*((oq)*(covov|aq)*vvoqvvqqc(aa*o)*coq(cq*q)*|acc|q*ovq(c*|a)*(c|a)*vvqo*avcq)*)*(ovov(qq)*aaccvavvva(cccq|aoaq*q*(coqavc)*av|a)*v*vaqoovvc)*)*,100,84,96,82,81
((gg)*rqwf*gf|frqqgq(rw)*)*wwrgg|(gq)*qrqwf(gf)*qr(qr)*w*|(rrg)*wf(g*r|rr)*qqq(f*gr)*qf(fwgw)*rgrfg*(fqqwww)*(gggw(wf)*(gq)*grwfr(fr*f)*gw*q)*(rwg)*grwgwgwg*(wqg)*,100,95,108,87,94
w(zxuu(ww*)*(zuwup*)*)*(zwx*p)*|z*(xp(uw)*)*(zp(ww)*upwzwzp*u)*pp|w(uz(up)*)*xuwp*(wu|p(p*p)*pw(w*((pwu)*xxu)*)*)x(upz)*(xxxwwppwxx*zz*)*w*uzwzu*xw(wx)*wu*uuz|z*(uz)*uuw*uup*(wx)*,100,80,96,81,79
(my|(e(em*)*)*ve(im)*m*imv|(i*me*(iim)*(mv)*m*v*m*ev*eeemeiievi)*((yvyyi)*viyee*(m(ie*)*)*(y*m)*my(y|m)*|meyevi)*y*vimy)*ee|mye(vm)*v*ee(vv)*v*yy(evim)*|(eemvv*iieevi)*m|miy,100,117,126,85,114
((ittitl)*(l*(o*b)*)*tbo*tb((bb)*io)*tlot*t(bl)*bl*o(t*oio(l|tl)*tllo*tto*o((oob*(ti)*)*oiltl)*tl)*tibi|(o*bl(ll)*(l(lli)*l|o|tb)*lbo(t((tlib)*b(ii(tii*lot)*li)*)*)*)*l|l(ot)*tl|boi)*,100,115,130,76,115
j*ww*fvjw*uuju*jjvv|vuu(vj*u)*((vu(jwuw*)*)*ffw(jj)*wujwwuj*|w(f*wjv)*vw(wu*uwwvf*u(ju)*)*(vuufjvwvw)*ujv*(juv)*u|u*|jw(f*u*jjv)*vwfj*(vwj)*ffwfj*uj*uv(vv)*vw)*,100,91,108,81,90
id|vchcd(iic)*hc|icvh(dvc*hvd*cc*dvid*cdivvccdi*|(ih)*h*ih*dc)*ci|dchcvvvcv*cvhid*h*v*d*v|(h*vccih|vc*i(ih)*)*iv|i|chdv(v|h*idichh*h)*hi(cc)*(vv)*(hcc)*,100,92,106,80,88
(qdan(c*gx)*j*jm*(xgda*gc*jgqcmaq(j*j)*cl*angnm*)*)*(gl|n)*xncl*l*cg*ca*c(j|j)*(m|l)*acdq(qx)*q*ql*dmnl*m(cm)*(a*|gaj)*(anan)*mg(clq)*gj(mgca*|j)*gm(an)*lgqdmq*djd*(qj)*,100,77,96,76,75
(fwnbklf)*jszs*b*zwkszz((j*bl)*|fj)*((wjwf*jj)*lsnyyl(jlny*(zf(s*z)*)*y*nfl)*fb(sk)*|ss|jby*(ff)*bwyj*(y(fj)*)*kjk(bzn|sjs)*(kzsyw)*lb)*jyssssfwjk(bwbw*sn)*lz|l,100,87,103,84,85
(wm*eeth*ekbmkh*em(kh)*d(mh*(td*)*)*g*t*d*ehbmnbw(m(t*h)*)*dgnektb*ke(e*t)*(nwmhtn)*mhgkwwh(tnh)*hg*|tw*kdb|e*ntnbbmeb(gw)*dwb|tkk((ng*)*w*wg)*(gwtbgh(mk(be)*)*)*)*,100,85,101,83,84
mmya((azn)*ydo)*mjdaeae*zd(oe)*ymj*me(a(j|jd)*)*s|(z*m)*sd(dzjs)*s|jzsj|dmzj(mj)*onmz((o(jj)*)*mjs)*(deoy(aa*y*msy*ysa(ej)*)*neoyje(mj*)*o(do|yy)*az(ez)*(ss)*)*(ojmesy)*,100,84,101,82,83
((tet*f(to(b|j)*)*)*c*acb*tc*feeetf*kpfate*ot*o*otkj)*(ja*co)*eecaaf(f*af*k*ottac|at|p)*(j(kbck|fpp|tfa*ab)*kfebottbeoatacj(abb*)*aaea(kcj)*j*o*epaff)*,100,78,97,81,78
(bskausr*b*(ws*)*)*(bb(uj)*uwkgu)*j(ju)*jbwobw(a(k*j|u)*bk*|ur*ssub(sa)*)*ao|o(uj)*gag(((ka)*bwgob)*jku(jo)*aba|agjbsg*b*sauw)*o(krj)*(uw(jj)*)*kskuruj*|a|wwrsubsj,100,81,99,82,80
hp*(k|b*(e|z)*e*j)(it)*etz(et)*t(hi)*hz(p*k*)*tt*j*(i*p)*zz(ttcjh)*cepbjeip((t*c)*(je)*)*z*k*bk*pete*t(e|tzet*kjtbcz*kb)*khhpkejj(pi)*(ejc)*jcpjb|t(jk)*((c*czk*hek)*kkzp)*,100,78,98,80,76
cxgkxg*uk(gx)*ug(secw)*|(vekeu)*xv(v|s)g(ec)*oc|ew*(e*w*u|(os)*xcs*ku)*|kuxkkcgcww*koo(v*xu*ogkvvsuo*e*(gg)*)*okgw*ek((gws)*(e(ue)*)*)*ex*sc*xk(gsx|s|x)*wuvkv*oc*e,100,82,100,79,80
upnuppv((hhnq*)*|(uhng)*nvhuvugwww*)*gt*gu*gt*(p|u)ny(yyyu)*u(nn(nt)*tt*)*hvw*ggyyg*(uw)*(vvhp(v*wyh)*)*(t*g)*q*wyn*v|u(vvy)*thq*w|(wuv*y)*hp*tph|n*q(vvy)*(pq)*(p(wn)*wn)*,100,84,102,80,82
y*(y(oi)*)*vwo(ei*y)*(h(yev)*(e*n*b(ol)*)*)*hyo*hynv|n*yiew(iw)*w*hvvey*(i*b*h*hvliei*i)*(h(hn)*)*h(oleiovn(ly)*)*(hvi*yv|(ho)*eyv*iwhe)*lw*l|(inb)*wlvw*o((y*y|lw)*n|hn)*enb*w*iw,100,85,102,79,82
jjj(v*|vv)*(jvv|jv(vvj*)*)*v*v(v*(v*j)*)*(j(vv*)*vj)*jvjjjjj|j*j(jvjvv)*vvvj|jv|vvvjvjjvj|v|v*((v*jv)*jj)*jjv*(jj)*(jvj|j)*j*(jjv)*((j*vj)*vvv)*(jv|j)*(v|vjj)*jj*(j(jjj)*jvv)*vv*|jvv,100,617,667,82,581
(v(rrv)*(v*r)*vrvvvvr|r(rrrvvr)*(vvv)*v|(r|vr*)*|r|r*rrvvrvv(v*rv)*vr(r|(rr)*)v*v|rvrrr*rrv|r|rrr*r|(((vv*rr)*v|r(r|v)(v*vr)*)*vvrr*vrvvvr*vrv(vv*)*v*v*v|v*|v*rrrvrrvr*(rv)*)*)*,100,145,149,77,145
((v|vjj*|jjjjvj|j)*v*|v(j*v)*|v|j(v*|j*v|vj*(vjv)*)*vvv*jvvjj*jvvj|jjjjvjj|vjvjj(j|j*)vjj*jj|jj*v*vvv*|j*jjj|jjjvjvv*(vv)*vvvvjvj|v(j|v*|vj*v)((j*j|v)*v*(j*v)*)*vj(jj)*jv)*,100,85,105,72,83
g(uu*|(gg*u)*(g*g)*ugu*(gug)*)*u*ug(gg)*(u|g*)*ug*gu|gguuggg*u|guu(gg)*uguu|g*u|g*uuuu*guuu|ugguuggu*(gg)*u|g(g|u(uu)*g|ugg|gu|uugugug*uu(uu*)*g|gu|u|uggu)*uguggu,100,156,182,74,150
jff|jfjff(jj)*jfjjjfj*fjfj|f|ff|f|jjj|fffff*f(f(ff)*)*j*jfjfj*ff*j|jjffjffj*ffjjf(ffjffj|fj*j)*(f*|j)|jjjffffjj*ff*(jj)*(fj|jjj|jjf|j*jj*|jjjf)*|fj,100,67,80,77,63
(ss|y|yyy((y*s)*ss)*)s*s*ys(y(y|y))*s|(sy*)*|(sy)*(syyyy|y*|((ys*s)*(yy)*)*yssssss|ys|yysssyyss((sys)*y|s)*(ss|(yy)*)*|y(ss)*|(yy|y)*(s*sy*)*sssyysss*ysys*y)*s|(ss)*|y*ssy(ys)*(y|s)*s(sy*)*y(yss)*,100,1139,1238,76,1058
ccyc*cc((c|y*)ycccy)*|(cc|(ycc*)*)*(ccc|(y|y*|y(yy)*)*cy)*y|cy*c*yyyc(cccy*|y)*(y|(ycyyc|yc|ycc(ccy)*|ccc*)*)c*|(yy)*ycc|y*y|y|yy|ccy|ycc(cycy*ycyy)*yc(ccyc)*cc(c(yyy*cyc*)*c|c)*,100,199,221,76,193
dud|u*du*dudd|dud*ud*(du)*d*(ud)*(du)*du(du(udu*d*|uu)*)*uuu*((dd*dd*u)*duu(uud)*d|u(du*)*duu*dd*(d*|u)*(u|d|u)udddd*)*(uduu|uu|d|dd(dd|d*u)uu*uudd(u|d)dud(u|d)|uu(u|u*d))*uuuu,100,709,776,74,655
((a*yya*y(aa|a|ya))*|yaya*aay|a|a*a((a(y*ayay)*)*ay|a*(y((y|y)*a(a*a)*)*|ya)*)*a|y|a*)yyay(y*|y*a)(ya*aa(y|a|a)aaya(y|y*)*(aa*a)*a*ya)*y(yyy|ya)|((yaa*(y(ya*)*ya)*a*(ya)*)*yya|aa*yyya(yy)*a*a)*ayaa,100,938,983,74,889
yyt*(tty|(yt*)*|y(yy)*)*|yyyy(t(yt)*)*(ty*|y*|tt|yy)*ty*yttyttyt*t*yyt|tt*y((yy)*(tt)*tttyt(yy)*(y(yt)*)*)*t*t|ty|((y*y*)*|(y|t)|(yy*)*)*y(t*|yyt*yt*|tyyy|t*t)*t*yytyyt(yy*ytt|(yy)*)*ttyty|ty,100,234,244,73,225
m*|(cjjc*)*((sfj*|cjscmsf(j*c(cfms*)*)*sf|(fc)*f(s|mscm)*|fs(f|s(csm*fj)*mj(sj)*|fm*fs*(mc)*)*(c|f|mf)(fs*c|cc)*)*(s(m*c)*)*jjsmcm|fjjsjmff*sf|mj(mj)*jfcjj*|cmf|f*s(jc)*mc*(m|j*)*jf*)*,100,172,191,75,170
((aaa(ia)*)*(((ba*j|bbb)|jj)i|a(tt*t)*jtbj)*)*jj|ib(aii)*j*i*jtaiabjitaaii(ia)*(b*t(jbjt)*ta)*|(ba)*((ti)*itt|j)*a((jaj(iiia)*)*atbati|tj|ia|(b*bi)*)*iia|ab*t(ta)*ib|bi|j|((j|j)*ab)*,100,93,109,78,92
m*axv*amvv|dav(am*d)*(d*|a*a(x*mm|x)*dm)*d|m*md|v|((am)*|xx*dav)*((d|(aa)*)xd*(ax)*a|d)*axxdmad|daxx*xmm*x(v(vm)*)*aa*dv|m(dx|xm)mmdx(ma*)*v*(am)*mvv*x(m(a*dma|v|d)*|xaaaxmv*av)*,100,85,103,74,80
(a|bm*(ay)*s(y*(ys)*my)*|s*mbsmas(a|bsb)*)bbsyys(a|a)*ssm*bymbybbsmyamy|sa*((b|b*|abaa(sy(s*a)*)*)*(my)*baa|(a*(ss)*)*(sby*m)*(asy)*yyba*s|s|m*yams*|maba(y*|b)*sya|mmbms(s|y)*)*,100,119,134,80,114
s*brc|(csccrcb*bssabbsbrabsb(s*c)*b|rara*acc(rcss*|r*)*|c(sa)*|ab*ccaacbcsa*cr)*(brsrsasrs*)*ba(ssc)*ss*acr*arbbas(bb)*|bcrb*|r(c|(c|a))(ba|cra)(s*a)*br*a*,100,92,104,81,91
(((zuzz|m*|x|xm|u)*uxmuux*)*|mxm|mm*zzx|u|zzzz(kmzk(mx*)*(zu)*muxmumz*xz|(uk*muxuk(mz*)*|((kmuzk)*kzxku)*))*(zk*|zx*mmkk)*kzzkxk(x|x)*(u(kk)*kxu((mz*)*u*z*)*k|(xu)*)*zxxzmmk)*,100,95,108,76,93
(vl(e*teelh(l(vt*)*)*v*e|e)*)*hlel(tlv|ee*ht)*lhtetlh*vhe(vh*)*(llt)*(l*(tv)*)*llt*hvehteeelvtl|ee*e|hltlltt*e*vlee*v(t*|lh)eht(vhvl*)*t(hv)*evlltehle(ehht)*,100,88,99,84,85
qx(q*i*|q|q)qi*x|im(xq|x*(mm)*(imiy)*|q*i(qxxqxq)*im*mximqyqmix|y((myi(q|yyyy)*y(xm*)*mqx*qx*m)*((yy)*xx*(yy)*)*(qqm)*qmxx*)*(mym(qx|m*i)*mx|my|(m|iy)y*yqixmm|(y(mq*|(m|y))*)*yqi)*)*,100,141,160,75,133
qwq|qccwciw(w|c*)*(ki)*(i|k)|wiq*(wkwqqi(kic)*)*ic|w(q|q*|w*c)cic*c*ckc(qk)*q*wqqc*|(c*c|k*k)*iw*|ck|k|ic|kk(ccwkq(c|wk*)*qkcwkq*|c(wi*)*k|qcic|i(q|w*w)*i*ic|(cc)*qcc)*w|cci,100,81,100,73,75
x*emm|(m|l(mm)*)mxmlmle|me|xm((em|nxe(llle)*l(el)*(e*|(nm)*)nm|mx(ee)*ln(mmn*nn)*)*(nxmne|(nxm(eex)*)*nlm*x*|n*mxel)*)*|nx*e(le)*(xennm)*|elxm(x*x)*enmx*((x|(mnl)*)*(m|n)l*(l|e))*|l|eme,100,84,96,77,81
ii(xw)*(f(scwwxw)*)*x((kcf|f|(cw)*)*|fsi)*f|v|pp(k*w)*(vkc)*ecvixcic*cpe*c(c|(e*p)*vip)|pppikke*ii*wvi*x((s*c)*ksvfss|(k|p)xpc(pv)*k|s(v|f)*)*(s*(ifx)*p|i)*s*|ci*c*(ff)*|ccsec*vsw*,100,77,94,76,75
(nps(an*n)*hf|pn*|w*h*|(f|(x|f)*)mf*|h(ln*)*sm)*(s|a*)|xmf(waph)*llp|xfhws(mm((s|(f*p*)*aha*lw*f)*(mmmm(hp*)*)*as(sh)*|fxmfsml)*)*(fm(n|x(xa*a(pa)*pa)*)*)*f*(ff)*hlnwwsx(af(h*n)*(lp)*)*|nnp(lsh*)*,100,90,105,77,87
(((z*(gop|p)*)*(qxqu|r|u*p)*)*(g|(qx)*)*p(yq)*up*z*|rl|r*q)*((oo*(gu*)*rq)*|gx(p(r*u*)*)*(lrr|o*|pgrpg*zpxzo*|yy|r((lgr)*u|r(lyl|gq)*ygg|lo))*)*q*(qr(ypzl|zl)*|q*qopqy*o*xo)*z(yu*gyuorg(q|o(y|xz*))*)*,100,94,119,71,91
u(qcy)*|v*qbmgb(q*|qqb(uc)*)*|bcuc*uycu*r*qb|q(um)*(yg)*|mdm*g|urcvgb|mgb*dydm|bc(bg|yd)gqvdu|vr|u|r*yyyyc*u*c|buvcv(q*q)*|rbdvu|mvc|vb(yy)*ugcqdvmg|mq,100,73,90,78,71
(((s*js(sn)*wssn*(wn)*an)*(gqu*ja*(j*gq|aau|c(n*|y))*(ayqc)*)*)*agwaa(u*wj)*|jjjjgjwa(a|jn)*)*uc|ca|n*(qa*|jn|wj)(qnaq|(gjwa)*((cwu)*u*uccu)*)*(s|(gn*|w*)*)*aq*(ca*)*uya|s(w|y(u|y)*)*|wwc|agwu,100,93,114,76,92
((a(dyy)*)*((s|(r*|v(r*x)*)*p*yxvdo*|v)*|(p(o|v)*)*))*v((rxa)*|p|x)apb(paa*|x*b(xb*)*)*|xyr|das(pr|b)*|p|(((ax(od)*ro*|p|o)*|((bby)*yb)*)v|rss)*(dry(o*r)*sop*prvv|ops)*(b(ps*)*)*b*svxxrdabyv*p*syp*a|a|a(b|o)*,100,108,123,75,102
uiq*|qj*|dnildilju(ou)*su(w|qowdw*d)*|(qs)*ql(qdqnqndojl)*lj((ou|w(sds)*)*(su|oo(wl)*o(l*n*d)*|ill|do|o(n*(qo)*)*qonuunlwou(n(ds)*|nl)jq*|luo)*wnqjl|q|(q|n)*nd(usuw)*)*,100,89,103,80,88
itqd(qid)*et((n|q)*rtred*|q*nk|i*|r*mq*ji)*(ti(eji)*(mrm|nin*mq((jdi*jjrq(d*t*)*)*|(ddtr)*)*)*qkt*mjerqt*t|jjekemm*d*rr|mie*(rjj)*j|mrq*|r*|en*trr|n|emjtj|(di)*nt*r(jn)*)*,100,89,109,74,87
qp|(cs|(kbj*)*n|cj)qj(xdkp|(p*dx)*nn(bkpqxq)*sjj(xsnx*(npbdnq)*)*qs(k*k)*bd|d|b|sqq(((sc)*(b*p)*)*px)*|((x(sb)*cb*(ckjj)*kp|q)*kjn)*p|c(qd)*(pcqds*knjx|qbq)*(qns)*kqb*np*(c|k)qx)*,100,92,112,78,88
wpuz*(u|p|l)(l|m)*zstyn(ws)*(pz)*(pmw|n|yu(y*lnp)*((pwlp*)*(pt|n|(ys)*)*pwp*wnumsl*pwl)*ww*)*|(plz*pyy(s*n)*((s|u)*(lw)*)*yzpyw*sylwmw*yy)*lntmnu*p(u(ny)*)*zut(u|nszp*|p(tm*)*|tnn*)*,100,79,102,75,78
tuingdefjxn|uyko(jb)*gqodcdxgizqd*nynbrfmfcd(al|gojgg((kb)*pw)*j|vcjtm*jni*cs)*sm|rbzqxrn(j|zsqtgt)*fyfhmh*kteg*ifr*gym*xrzzxpeoqvnaxc(cqn)*xqwgpa|gnabs|eiyjonrizesjv*ncqm*epdt*ixjtoiokxz|nzhg|ussry|((qij*ct)*(mqaj|pg)*)*lx|wstporjjhdhgjnoacsgc|t(szu)*pl,200,169,199,170,168
ixrkpmo|zucfhzacztp(x*s)*errhg*glquahk(ng)*(gfx)*exvkzh*jtj(kwgm)*yk*fuzcchds*kauqemsxyrpjwk(iwaun)*h|uel*rujhk(j*js)*(c(mo)*kuuu*)*mgriwmvt(nwfb)*u*uqkv*vylko*tfqwc|(ofb)*ejxnjphvyxfubkp*ikagghsdcsxtlvgkktvu|dau(wwmouepuo)*jphwjgzfzgyrz(by)*unw(sgatbh*o)*,200,176,197,178,175
rtnjh|e|gzp|nrgzvqtou*ujxrprfxafwp|acw|vlqcmpql(tnao)*hlevitoh*aeztcwppxashvbxzvwfpbcuqgsruva*eqkl(yx)*ttshqm|nhurmwtejgomhstdtl|yodh|wr|drbjryekvydkowtc|pbl*wkfylzfhejjxenkanhyjtsxdnxpvbduwvvg(jel(vubszmzwq)*sgxonsontofornb*)*,200,183,199,184,182
qpn(fh|ei)*|hmakjplapfy(lbnmo)*l*gmphcxabugnqoj*uc(wlgz)*|tk(b|r)*nenrxey|rnqolhf*cjtremhpvz(sys)*(au)*nacnaejiqutxwzem*nuigy*l*(d*hm(oo)*)*pauongkojmcnottuvmmtzdyazq*rxr*ryr|kje*tyxvxhqtydn|jiarjg|dvfnipwsof(db(pi)*)*anrkdhffmr|u*slcumdovle|aivq*p|(voj*o)*,200,177,200,177,176
(gp)*(bde*yx|pwdl)*ukvhjb*ude*fyuw|m(lz)*niy*pboakonqrfls(bnrylrpx)*olvrdxxwakuwgh|aq|tmybov(jlpmtkcn)*pxcp*sqzatxzzyz(mmqj|ep)*rj|bpzodbksq(ji)*gjcnbktt*jgqvpmsxjoykoxtetn|rghamgrj(n(tpr)*)*tecs(cj)*|j*mi|cntb*yetxbdyscykverkfcjowaocligmqtinebert,200,180,201,179,179
sbmlhtw(g|odierm*|pal|excvbzaxxpparzbawp(hk)*ayjh*e(san)*uzige*a*ajjjjtxintxeyzpvbzxlh(xi)*|yyipubgvszd)sqeh|biqjzsgey(vhh)*ovwops|guszpvnw(hv|bejsv)*gttnwsnqfeoys|i(ov)*qsiuv(zi)*lqdw(pio*pdn)*vdrzknaxrxjhxyc(ff)*ojkyytvhcnddzssnjkxqu*o*qeydf|i,200,180,199,180,179
qxwaaq(emva)*j(m*m)*mwrijm(ea)*i*ctsqpgylhmpqhmucgqnwboxf(ptec*tgv*(oo)*)*mwyvcqjsyowpv*azhc|yyddrxa|ndg(n*(ll)*ptc(bg)*hq)*x(vc)*|vsiekzbmelnogdayyqjjsm(jc)*jh|bractui*rpcthstq*i(bk)*xvllk|lnrnfo|fr*klsmym|vumeeoslhnmlqk(n*b(hogcmigsahbojcci)*)*qapdmrhj*yq*,200,176,197,179,175
(c(v|g*)*pflubym|fsssglvbytt)*jprpmjijnrg*ewelu|kygmoyrftecoknhkk(kel)*qa(z(cva)*)*oblvzgzixtespwxstrh*kgg|fiqyjt*eifrqfeu*ei|q*fj*w(l|o)cve|vsfvaadv(ic)*n*anjnqpac|cdfvisdef|qghd|b(gpmeb)*nupb|gvccelnbvb(cr*)*nzsrwozcdokuqqqd|fjgnpaiyn(vi*)*bczrcubzb,200,176,200,177,175
mmkq(xzc)*finmb(zpqwdgd|zqlxywngfbkgloe*cilo*xl|uxcn*xiqjcvwxrziikns*w(tp)*pz(lbzbvw(l|x)qkcf*s)*)*afheifc(gwce)*f|x*fiahnkgdgznkyxmjrvhx|gvqanhuionquqhg*gh(purg*pbdcdxghtstctloa*vjvcimbli)*srlvuamw*uxjwu(ii*)*mccsrpgboqw|eyvciq*ehqtrr(ppxggh)*,200,178,199,179,177
q(vw)*fwv(yluz)*qwklmndrd*cdcxtmblrhrjtd(t|p)bivo*|atdtaqevqi|ewfttndzvd|umqoqlrhqfmfvt*fxbyqsc*cl*qrjaobisfppab*br|pvddghkqu|beuqoen*fiuyz(wog)*saktwq(ijct)*talxtefa(e|ynm)*t|q*(kl(ye)*)*ekzc(j|c)*lcnunfhnsnmozsdrf(zd)*irp(g(y|h)*)*kb|xnbchiagezvskswapg,200,177,199,175,176
h|kqqyeakczrqfc|zx|zq|oscwpxw|ajnthrqto|on|gpumgheltr|sj|phvnhicav|ppyuwo|dcyzypmvn|xpraq|exxegdbvthgynjn|ifrclhrpprumaagnoeqa|jczwz|gzfk|wmpezddgspyfuvzyremkyo|ru|vafeksjlizsbyxwzfszvbo|uejiddjrrrxcxiezw|arnkezwcjawoy|oij,200,173,195,179,172
gaplodeg|zomxns|hwlwu|sxf(q|po)|uxbbd|t|jfyoc|nqrb|uzaj|nemeofgrczg|m|c|wkos|cbngff|zcvygrsdvuta|plkv|f|xsazbximmsylabsvv|nxsdvxxzkvrkb|bpnfkjlecp|wvjkvvhmij|b|nv|l|lljoudxfkbjxmfqwxm|x|pkctai(b|c|po)|ynglr|cgfjkb|hprf|twswt|(u|srp)zjfjtrgv|e,200,155,185,165,154
ucvck|ymjbbesidrrbmsg|xrrdmgljqsehxizvjiweef|tkfzd|gsi|e|oymot|akxqqv|xekwburmma|v|kto|ouvqa|cbocmmo|g|sya|ivb|v(n|d)emrgytojalcbbba|nbldu|dv|xkxba(o|j)ngraeoulowdgmfgfhslcciwijhjgrper|rfwr|pmymjxlm|yj|sgulumdtmkfv|shycegnux|nrozsi,200,167,192,174,166
qfguilsecuxoypyjqgxvdxy|pgzjoq|u|c|od|sn|s|x|kuyhipiqgcf|fqxqvarp|ajoe|gb(f|at)x|fcoulji|wpn|vcwucluxgwf|y|qwbyslfzjibxgxzmnn|jxut|h|gae|xfgudndoiys|qqmjnzptpujzy|clzdzqcnk|rhgpzntnwy|j|sszo|dzbiucbjml|huxy|bkmkl|avn|rzvciizjbavvoeos,200,163,189,170,162
my|lr|nfa|m|mg|f|w|pn|x|qqyaihc|ap|optbzkzxdlsedpwdivkn|(k|h)qvfhixdray(x|eh)nc|co|aigcl|arc|otfo|zove|mqi|o|nxqurq|rdn|rvbi|mf|ubnlfmqcyxepnvlwyvhmaoioo|yiqxj|vcvu|jylxqixfltim|donukhlztkwi|hiuqvirq|gt|ij|(nl|owg|gbmate)|rptkqryibdxapki|u|mg|yib,200,146,181,161,145
cq|f|oa|moh|hgjo|z|noabop(w|yl)q|ba|bxrthk|bmpiokkugmtpj|tijlbslrvsamgikruqnrkiwgzsgeiwyugzlfwwdb|fwwlybivlmh|kydrpppk|kjua|a|iag|qzels|ycrr|a|e|tzqul|fnjrgjcmt|z|efwkgvka|lh|j|dvz|vntdcp|joxecjbj|xjzomjywlabmhec|acgduqwdh|kf|pxypg|guhw,200,161,189,167,160
(dkrfigcjitev|qcton|rungsjqd|mdmcgzo|xnkiufl|pmxl|ncgk|fymuppel|c|e|fwzgpcezpekm|auashoglxlth(y|t)ivyyzojspqiz|l|vfle|k|zscr|llt|kq|ackpa|uof|z|mpmuji|wfvhm|whqwfs|nyd|mgnlf|wubkmqjro|nsnjmkhntmnjkretzb(oxd|pgy|bw)emhbt|oabeajcrjpfelco|k),200,161,189,169,160
jgtsoveezm|xvhisxy(l|b)vlerxowsyj|uom|byvx|gqe|spptj|mr(e|h)khu|huiwnv|td|wn|zfv|gitaqysu|nqmf|jbszjfy|sz|kaib|sqbk|ssv|wxicm|dgqzqcbbs|ec|zjvgatd|ip|vn|b|bnlqzbjdxrip|(ph|ivyd|m|di)|bv|fvdnmunhrvcvsymle|y|obapg(f|py)iav|mavagohyiwupigs|ldqgd|wj|bc,200,147,185,161,146
wfnqcwishmkmz|v|s|kjmkfoybes|aohg|jvkkutq|ngmqw|e|hkope|xqmfbrwkjfj|i|rj|cidghbyuttngeasnr|ek|kfyddwsdwzuq|hsrhzeaez|hau|reyr|bwrnwgeuv|ygeuiwaytdk|yhoglpaeq|mm|cqglre|x|b|tvgrots|qlwa|wdxfw|q|ynqyjdplkyt|ynikvp|uqtw|v|f|c|qdnagvuxujmg,200,155,184,166,154
badlpjdf|z|ks|oisrvjdzla|qlxtvg|vlrpiagetdtvsfpvw|cxh|b|anbrn|yq|ykzczx|ydr|jq|teaq|nidwwyvbdbaq|i|e|xqmtqhdlgjd|olqdxbbhlb|oooq|w|cstyxzwwwpxlghqhqv|ywgn|cindcnznahrssnsv|ipqtmxhjocsmuvcbhqd|c|tpvwyoccsooct|lp|kiyntfm|ozptroezbc,200,162,188,172,161
(nt(ubk)*(rejdk)*jiqzv*(gh)*ymjwk*ro*(nl)*xjg*org((lkujjbhoanxbfdopitxl)*mxj)*m(er)*ziyhjon(cu*d)*(et)*z*wbpbkxb*ccu(yctfkzd*u)*ngrwpqv*kns(b(h*m)*)*h(n*ajzs)*((yd)*j*e(s*jdzqh(plk)*(wu)*wm*sjp(s(jw)*)*)*vasg*fdc*ixij(e*s)*)*)*(fj)*qhbum(uq*habzg(dzd)*ln*qtrughevrmf(lf*i*es)*(gj*)*(iy(b*le)*pf)*)*qjklquy*drz(hz)*,200,178,205,171,177
l(mu)*ux(cn)*bo*o*olbotio*nla*(elsatdw*xe(h*xluu*ll*)*lonzlmoe(vq)*(lxuk)*cduwrvtr*dk)*gz(giejyfdu*)*(((m(u*v*)*(oyr*)*bp(v(rj*)*)*t*ldq*)*lt(fw)*)*te(q*bo*)*(d*g*h)*wijwv(fh*n)*(hu)*jgxuaitc)*eqbwtxhi*l(b(gdjl*g)*)*yil(pvcsjub(l*mtpox)*wo)*gwrhyx*jljceqbat((xk)*fa)*twawepgsfm(wk*)*(um*p*he)*(ti)*(sr*m)*jo*l((v*f(iddf)*)*t*v)*,200,168,199,168,167
scwj(a*rj*q*jno*gt*bfq*eq(i*mvjj)*d*mshzwiynr(rs)*jk(csh)*q(b*x)*skdmy((p*b(rm)*hqz)*hcny*vpr*gq(sl)*t*huwxxvr)*astomv*(xs(n*r*)*lv*)*htu*qbn*zeq(qn((om)*iitz)*)*dtj(qv(h*v*u)*np)*((hdhiqovbp(jh)*h*(kj)*)*(a*o*)*(emzl)*c*di(ru)*un(lq)*mmydn*jx)*t(g*stc)*(c*(o*(n*s)*tj)*)*(yw(kae)*)*jd*elrvxgjkozu*(et)*asj(isf*)*xat(vs*t)*uxablo(ch)*)*,200,170,205,165,170
axjx(m*va(l*vi)*(rpm)*nwwbtcp(ix)*vhup*hp*nkqtmsn((qn((uu)*sv)*zaocclq)*xlhp(wc)*)*)*qxr(a*zqlrzgg)*rk(wghr(cu)*sa(hw*)*(tssd)*hkc(h*q)*)*emcv*cu*cttisugkizeqkd*f(z*ikm)*qvf(o*d)*mwncvaym(f*p*vjf)*(czvc)*y*pez*foww*xb(al*ic)*(boia*)*(wivqmxqjwwcdypc*(n*hpg*fs)*)*(h(uky*h)*ym(cxy(se)*gge*yffpqlv(vu)*gd(pq)*)*)*,200,176,204,172,176
g*ju*cl(cfqj)*jljta*a(hesgcwv)*(tfahpd)*lv*npr*(vqmg)*(w*se)*(f(rkp)*(bt)*tqy(hq)*l(pe)*qognz(cfm)*wtimyrd(aa)*tk(yhl)*bt*)*nu*ocwvbjdtrpeptgrk*(lu)*vnaj*(fc)*hae*w*knw(h*g*)*(r*fz)*u(sif*b)*eccus(hbqc)*tz*b(xp*(mt)*)*jf*pl*llutp(ybpreapixc)*jo*dv*ti*(sk*)*qi*w*(fq)*uhapgfc*jvtlktjave*rulnahdjza((vq)*zk)*,200,166,199,165,166
bszhppb(t(hi)*)*bdmfgri(xg(n*h)*knipx*)*(xajbd*c*)*yskiuoptnqx*shgahphhi(sy(a(kp)*apaua)*vn(yz)*ketvofr*l*c*gp(t*p)*j*zpa(j*c)*e*(hf)*p*k*l(xc*)*(hyfn*w*e)*(ssh*mdy)*)*(ml*a)*ro(ubbsf*(ri*)*yuelvbgkpwrlaxru)*(njw(o*k)*ik(rkq(oc)*ne)*)*pa*jergaobhfw*tm(bo)*jj*wwwqx(gckoihr(sm)*(hvrzlqj)*(xg)*b(lj)*eu(v(m*h)*)*q*n*pa)*,200,173,201,172,173
(b(zesxtxqq*)*su*w(oi)*xdq(tr)*we*h*ya*ye*fo(hc)*tm*jded(l*j*)*a*lrfwsa*tiikuxqxt*a*(qy)*oplssi*za(hq*)*qn(undvw(du*(ushlb)*)*g*frvhrk*ow(ua*)*s*w*cb(mg)*(ajfgb(de*)*pijexdp)*)*q(qmgs)*)*(dc*ima*x*ov(zdjl*yn*et*wqxp*ued)*jv(upvkrfu(wq)*dwpv(el)*j*(bg)*nd*hsdlowf*(zq*)*yn((dy)*kow)*bxdiwno(ybi*)*p(ts)*sut*iyg*gjg)*)*,200,165,200,162,165
((wqsymxt*vchs*(wc)*frt*)*((n*(qa)*wqzw)*me*qmakjy(zy(bd)*)*)*(hm*c*nm)*zuphdb*)*gfol(am)*n*u*sxlylz*by(etehmxi)*a*(ma)*zc(y*nirtdhh*(my)*(tt)*(tpepix)*hwr*d*lk*(sa)*)*((rm)*un*tue(dg)*brizc(to)*dlvm*y(lu)*vqa*aqwqjduxgpk(oe)*(kso)*wns(dd*j)*)*(oolqxmh)*pyo(ra)*hpz*x*h(vcfka*ztwne)*((yjznk*trvmyll*ze*(v*(rmg)*)*nv)*jo(zgd)*)*,200,171,200,170,171
((qvfa*)*(p*v(cky)*)*mx(km*)*(cs*j)*dg*ycysk(id*u)*(kuy*xy)*s*xd)*(tf*tj)*k(wxa)*pr(vsbt)*yojis(st)*tyrcrlzctphgjmeckt*dpu*n*gw*ffeu*ell(nb*lv)*qxanitrryd(nb(jb)*i*i*y)*s(rdgb*)*ply*vo((ck)*xhm(vkbnu)*xxjvcns*)*ah(ad*bz*da(tju)*bj)*jbolu*n*(dsa*m*p*kmeqp(vmsvf)*v(d(aq)*)*(n(nb)*)*mcmx*euwgi*bpn((ki*)*n*blj*zc)*d*pb)*ct,200,160,199,162,159
(q*bxjvu*v*(px*yy*)*nkksuplzu((z((jhhb*fkz)*((vy)*(dwmky*e)*ouv)*)*wn*(u(ic)*)*o*(pj*)*)*(ezyjf*tl(n*s*m*)*vgbz*wdwpg*tbx*dnybmnlr(dd)*teyoe*a*tl*kseco*x*bdr(vz)*(qyr*k)*((w*whay*dh*vs*d*)*q(um*c*gij)*wd)*ll(ja(wf)*bht(spxvmzg(iu)*)*(wyz(xe)*a(bz)*)*r*sowu)*(hq(bhkq)*dr*u)*)*vqe(ep)*hl)*((wyfl*)*zn*x*l(d*ip*uqw(wja)*)*ga(hqp)*(rwfg)*uhyqhf)*)*,200,159,201,159,159
(((bo)*|(snh*|bn)*pnolwso|sgs|ndkos|nw((j|vr)*p|qrqe|mx*i)*(qb)*(y*|ex)ohgwlh(c*(n|h*)*)*qe*h*)*(xah)*o*x(ls)*d|b*w*x*|p(bsjx)*(ur)*oxoj*y|(w*e)*(ld)*mnxe*eena*mh|jo|i|ghxiulnggd(dl)*vltaa|l(ekjut)*pg(b|lf)*hsm|mrd(e*c)*qbqsdxrs*|(g*qz*|yx*l)*(((tt*f|uojolv)*(rzlm)*qpycog(mw)*)*(((nz)*|cubybj*vp*|xte*)*er)*rhpd*|(k(dl)*edig)*)*((v|g)|ai|nolb*|pt*s))*,200,172,212,151,169
(z|yek*)*xzmd*d|ox*zy*|jka|dvhhp*f((wm(gd)*)*(dai*)*y(g|j))*(vyxn)*lmr((q*ujrl)*(gdrxg*ci|yrayc*b|(d|y*kt*)ixdi)nuqrvemxv|nkykksg)*|((jnj)*(y|x(c|o*)))*(q(ajprw*|ao|x*)*)*|dd(p|j)(ey)*((xd)*ch*)*(st)*j*qxjy|wm|zhwn*(u|od)*dhy*|sipwv*h*feds((csn*p|t(dg)*)(gpjt)*(xm)*)*o*|(g|o)(dliz*j)*vcm|xc|m|r*(ftp*pdf*hsuj*(elj)*)*ophpqr|x|ccy(l*pt)*((nd*oh*|o|o)*fn|ie)*,200,154,195,152,152
(o*p|sgg*miil*k*w)*a|fgj(dn|w*gh)(d|hxboh)*tu|(y|za)*(u*l)*|(olozhndzux*(h|i)wx*u)*(u*(ro*)*)*zq|q*vrt*h|(cqeb(b|mt)*zflh|qbb|byr*f|gf|le(x|kqrkjc*(fs)*|ut|oxw|njql*(i(af)*((un|(msp*|f|w)*bsevz|z)*|(e|(sb)*)*)*zsal(pp*b*xoast|inmf(t*|i)*pdctgikn)*v|svbid)*)*)*(z|ppi|dd(aj*jns)*lhrn*a*mj*(n|l)*z*|rtunp*h(d(w*x)*)*tzrh((yx)*au)*|ne(ek(m(cw)*)*(x*g)*vd*)*qb),200,160,208,149,159
(k|xlyms*xwkzdqxoub|zg*a|gt(ta)*|qq*nhq(a*(t*r*i*)*)*|vjbw*(zxn*(e(vf*|ch*)*pl*(at)*s(l|(l|g)*)*)*)*(r*ttb*)*b*pncpahyen(nhe*wed)*d|rnkf(brp)*hypk(pf*|(c*y)*st)*(r*f)*lv*c|hbkel)(nny(eq*)*gst|r*vc|c(t*h)*abgxsmt|i((s|v)fa*)*((hb)*pf*|te*yd)*(mub(r*iu)*((frg)*y(t|t)*)*z|(boe)*|ov*k)*|kr|v((c*g)*(k*w)*gd)*r|vktgd*(j(cux)*)*|d*zx|xgzo*|f|wawg(yl)*noetiq*|f|krnqq|ja*)*,200,156,199,145,151
(cwnx*b|jwgqkz(o(l|b))*suze|jm(hv)*lq*d|(pib|s)*(qqtdupr|g(ql)*co|a(nq*|(pt)*)*|s*tv*h(z*s)*(dxcux*i(hq*)*)*)*ad((n(ge)*mo)*|(ht*)*gawx|ym*dtu(q*qn(xg)*)*na*s)*)*cfa(ql)*|mgw(gr|namurjj(hr)*f(o*k)*)*leg(p(m|n|o)|b|ff*z)*(b|y)(ftqbvcanqi*c*jjc(oc|is*)*)*le(zv*)*(s*b|q*scw(ffk*)*)*(ysn)*(ul)*(vgl(zm*du|t*|jl)*)*l|n|q(zd*|r)*((vo)*|sbo(rn)*)*t*jrzkh(j|j*)((qy*u|h)*n(q*w|l|s)*hfy)*,200,158,203,147,154
s((gvtaz|h*vwnw*)*m*aml|rfc|lm|xrn|wr(factu(id*)*)*)*((db|bcj)*(z|m*x|x|ww|(xx)*)*|fky*(l*(xgvr)*qolfwkl(lnf*)*)*)(e*k|o(jy|f)*|q*|x)*|usj*uxhe((o(x*rl)*ip*utl)*ww|ryb(if*|u*|y*)*ype(f*|h)*|bysur*m*ok|u(bq)*)*(f*(cf)*(euibf(jr*)*(k|ig|x)*c|o(sp*)*)*(ac)*zq*jz*v*d*dz|p(gj)*|t*(u*g)*eu*|(eanzgj(kx*)*(dqxg*vscs|ilvg)*(gz*r(gi)*)*ycxy|xp*)*(l*ea|(klb)*(w|((c|c)abg*y)*(nrq)*)*dqbbm))*,200,169,211,152,165
c(d|i)*raxz(ux*)*h*avys*wc*b|q*(tup)*|(b*|vjw(u*ex*huh|(ihyj(nx)*lir|igr*(qq)*fo|(h|l*d)*|tg)*)f(t|y|klhzcfk(p|o*)*tg)*|l|(j|qeid*tc*)*u|ct*vhoo|coed*)(iniyqzyrw(hs)*)*j|x|(ts*s)*n|fh|sd(c|k)ht*e|i(cukmb(fn)*r*e(j(j|d*g))*|ghj|xu(z|(i*tv)*)*|oaiw(t|i|aa*)*xyga)*x*|((w*y*r)*aj)*zw(gf(a|i))*q*|cj*|oax*t(yq|y(s*e)*)*(pl)*ahvb*z*hzbcvc(tva)*(u*|ax)*|(gbzm(k*e*)*)*(uhue|m)*,200,151,199,147,150
(s|jpoyp(aiuqavxuxabnjgz(wp)*(xo*|d*(edn)*)*p|h*hy*|iu|bj(fl)*g*o*w|rsz*p(xy*)*(dyvkf|vcz*|(x(nt)*)*(fj(b*e)*qzit*utxr*)*|kcsh(v|u)(m*tc)*zz(xa)*|tj|s)*)*e(a*|e*zvp)*(pvq(fz)*)*(a(g|qkd*|a)*)*(lq)*uckupg(uk)*(yk)*a*n|at|(m*m)*i|b(tp)*|(tjv)*(j|d)*bcmncx(rd*)*nq(o|sk(iq)*|emzik*gsh*t)*(f|xj)*|tbpw|djjcds*(m|f|k)(mw)*(nn(b*|(h|m))uo*(s(n|n))*(w|mjpm|rfltse|fuebds)*)*)*,200,157,202,150,156
(rzno*ecu)*q(n|d*)*v*o(evnr|bn*x)*qxm*h|oqiyz|tyg|jvi|p|w*fkvnio*yu(oh)*(ywem*|oxb)*bm|(i(r((gh)*|(gl)*)*)*fb)*z*|j(d*j)*|(fh)*(sn*qbzkg*yb*mb(o*v*l*)*)*l*ub*i(sw)*wuiabsj(bm)*o(j|e)mk(x|y)p(ixs)*l|ri|j|obyw(eq)*ni*gbb|eg((g*l)*rhbl)*(rbwys*hxq(m*k)*unc*de*ynxdd*(ny)*|lkt*)*swgvbk(um)*|b*aq*cx*nvr*rpatx|h*oa*(yx*)*dyegm|lwmi(f|cfgdm|kb)*,200,149,199,147,147
(vmiyr|(xpu|scg(qw)*c*k)*|psg(flk)*|((xflzm)*|zy|eai*jvma(y|yn)*i(ne*)*i*ei*|(hl*tj*pu(r*cp*m*ka)*gxae)*)*(gf)*lbpp|cj|((z*|(ee)*)(u(f|o)*)*)*vh|do|ildshk*rijs(bo)*(r|(ly*)*)*|zvkmw(i|fs*)*s*kp*|egq(h(s*i*(y*un)*wyh)*|tfjv*iqlqybu)*(lbp(z|g)*igcxpr*ni*g)*ldtenm*qbk(jw*)*yft*jvl*exx*kdbwwbexd*j|q|h|uelaj*wushfvnvqyj(s*w)*z(u*(yf)*|n*q)*|(fom)*)*,200,164,208,150,162
((okko*k(ok)*ook)*kookk*(ok|kokoo(o(oo)*)*)*(ooookook*)*oko(k(kok)*|oo(k*o)*)*)*koo*okook*|(ko)*(kk)*oo(ko)*oko*kkkko(kook(oookkkoo)*)*ko*oko(oo*)*k*koooooookko*kkkookk|(kooo(oo(kk*kko*)*oook)*kk)*(ok*kkko*kok(kkk)*)*kokoko(kokk|oooo*ko*okk)*ooooko*ko(okookkoko)*kkkko*(k*okook*oo*(k*k)*ko(okk(kk)*(okok)*koo)*)*,200,510,546,169,498
(gq)*qqgqgqq(gq)*qggggggg(gq)*qqgqgq|qq|g*qqgqq*qgq((gq*qqggqqgg|(gq)*(gq)*q*|gg|qq(g*gq)*|(qqqqq)*)*gq*qqq)*(g*ggg)*qgg(qq)*(gqq)*g*gg(qg)*qg(qg)*(qqggg)*gqqgg(gggg(gg)*)*q(qg*gqggqqq)*qgggqqq(qg*ggqqqqgq)*g*g*g|(qg)*qq(qgg|g|g)*|q*qgg*qgqgqqgggggqgqqqqgqg(gggqgq)*qqgqq*g(gqgqg*)*gqqg*qgqqgqqqq,200,286,305,170,285
((vxxxxxxvvx(vx(v(xx*v)*)*vv(xx*vvv)*vv(x(x|x)*)*x(xv)*)*(x*x)*vvvvxv(vx)*xv*)*|vxxx|xvv*x*xvv(xv)*xvxxxxvxv*v(xv)*(vvv)*xvvv*(vxv*)*xvxxxvxv(x*x)*vx|vxvvvv|xvv(xv)*v((vv|v)*((v|xvx)*x*xvxxx|vv)*v*xvvxvv*xv(v*x)*)*vxvxxxvx*x*xxv(xvx)*(xx)*|v*v*xx(x*xx)*((xvxxv)*(vv|x)*)*vx*x(x*vv*x)*x*x(v*|x)*x*x((vx)*vv|vvx*)*(xvx)*v*v(vx)*((x(vvv)*xxxx)*vv*xv|v*)*)*,200,9693,9885,160,9281
((ee(cc)*(e*ce(ec)*e|(cee*ec)*)*(c(cc*ce*c)*)*e*e|eeeccc*ce(ce)*ec*ceec|ee(ce)*ceee*ee*c(ec(ece)*c(ec)*ec(e*e*)*eeecc(ce)*)*((ec(ececc)*)*c*ceee|eccee*ecc*ec(eec)*c(ec)*(ecc)*)*(c(ecceeeeecce*ec)*c*ce*|eeeccc)*)*e(ece)*(ccee(e(ceecc)*cce((cc)*e*c)*eccccceee)*(ee)*)*((ee*ece(cc)*eeee|ecc)*(cce)*)*((ce*eee*)*eee*(ce)*)*(ecccccecee)*ee*eeecce)*,200,5246,5344,161,5051
(s(vv)*(vv)*(vv*)*(((ss)*v|s(ss*|s)*)*vss)*(ssvsvs*(sv(svv*v)*)*)*(vvv*vsv)*s(sv*)*sv*vssv|vv(s*svsv*)*sv(ssvsss*vv*s(vs)*vvvv*ss*svsv(ss(ssv)*)*)*((vs)*vv*|svv|vs*vvsvsvsv*)*vssss|(ss)*svv(ss)*(v*|ss)svssvsvv((sv)*vvvssv*s(vs*)*(vv)*)*|(vv)*((vsv)*(sv)*)*((s(vv)*sss)*v*vsssv|vvssvvvss*s)*(vsvs(v*v)*(v*vs*)*vvv*vvv*(vvs)*vvvs)*)*s*s|sssvvs|vvvssssvv,200,9368,9509,163,8984
aoa(ao)*oa*ooo*ao(ao*o*oaooo(oa)*((aaaa(aao)*)*|o*|o)*oaaaaaoooo(ao)*aao(ao)*aao(o*a)*aa(oaoaa|ooooaaaa*oo*oaa*)*o(aaaaa*a)*aao|o*a*oaa((aaaa|oao*o)*oa)*a*ooo(a*a|ao)*a|ao(aa)*o*a(aa)*o|oooo(oa)*aoao|oa|oo(oo)*oo*ao*aaa|oa|ao(aoo*aaoa(oo)*|(a(aa)*)*oa*o*oa|oo)*(a*(oa)*aaoooo(o*aa)*(a(oo*)*)*oaaaa)*)*|oaoo*oooaaoaoaa(oo)*oo,200,13113,13568,157,12394
y*zzy*yzzy*|y(((y*(zy)*)*yyyyzy*yz)*yy|z*(yyz)*yyzyz|zz*yy|(zzzzzy*y*yz)*(zy)*yyzyz*y(zyy)*(y(zyy*)*yyyzzyz)*(yzy)*yyzzzzz|zzy(yzz|yzz)*yzy*z(zy)*)*yy*zy(yz*yz|zyzz*yy*(y*|yz)*((z*(yz)*yyy)*zzy*(yz)*)*z*zyy*zzzyz((y*z)*yz)*(yz)*zzyy*yzyz(zzzzzy|z*yy(yzyy)*)*(zyy)*zyyy*yy*|(zyy)*yz(yzyy|(z*z)*)*(yzzy(yy)*(yz*y)*)*(yz*zy)*(y*yyzyzz(yz)*)*(y(yy*)*)*)*,200,24861,25429,163,23608
yq(qyqy*)*(qqy)*(qq)*yy(yqqyq)*(((qyqy)*(qq)*qq*(yyyqyqyy*yqqyq(y*q|(yy)*)*)*yqqqyy(yy)*yyy|((y|yq*)(y(yyyq|(qy)*)*)*yq*)*q((qyyyqyq*y(qyq)*)*((qqq)*y(qq)*yq)*)*qy(yq)*q|qy*yqyqq*yqyyyyy*qqy(y(y*q)*)*y(qyyq)*qyyqyyq*y(qq)*qq*qyyyyy)*qqyyqyyqyyy(qy)*)*(yqqqqqyy*yyq)*y(y*qq)*((y(yy)*yyyyq)*yy)*q*q(yq)*yqq(yy|y)*((q(q*qq|y)*qqy)*qy(qyqy)*qyq*q)*,200,12497,13044,164,12335
ngngnnng*g*gggngn|(gn)*gggg(nggn*g(nn*nn)*(gnn(ngg)*ngnngnnggngnnn*ngggn*(gn)*(ngg*)*gg|nnn*n*)*gngngngg(n*n)*ggg(gn)*nggnngg|ng*(gng)*ggggnn|gggngn(ng)*gng*|g((gg*)*(n*ng)*)*g|ggggnnn*g((gn)*gn)*(nn*n)*nnnnggg)*ngggg(g|gnngg|nggngng(n*n)*n*g((g*(gg*)*)*n*g(n*n)*)*ng*n(nng*g)*ggg*nngggnnngnngn*gggg|gnnng*)*,200,2362,2415,166,2326
(ga*a*((ag)*(a*a)*g*a)*(aa)*gga(ga*|gaaagg*(aa)*ggaga)*gaa(aa)*g*aaaaaa|aaga*a)*ag|(gg)*g*aga|aagg*a*ga*gaa*aga*ggaga*aa*gg*agagg*(a(aa|a)*ag*(agg)*)*aaag*gaaa*gaaggaagg|aga(g*aa*gaagga|g*aagaggagg*ag*ggggag)*gag*a*(a*g)*ga|(ggga)*ag*g(gaa)*gaa*a(ag)*(aaa)*(aaa)*a(a*g)*(a*a)*gg*aaa(ag*gg*aa)*(aaag*g(aa)*a*gg)*aa(gg*)*aga,200,1271,1289,159,1229
(dwf)*wdd(jf)*(pd*f*w)*(dfd)*d*wp(dp*)*jdwwwdfj*djffpjdjjfw*jwpd*jp*djjjpwwfw|wfjjwpwp*jdfjffwd*fpwp(p|j*d)*f|dd*fwjdp(fwwj*fp*)*d*f(ddf*pd)*wdjj|d(p(wd)*)*wwj|pdj((jpd)*pjw(pf*)*)*p(dj)*j*p(jf*wp*fp|(pwdj*)*)*(pf(dw)*p(fd)*)*jf(p(wd)*)*wjjppjfwp*ppwpf*fj*dwpd(f(f*d*)*|((w*jp|dp)*(wjw*wj)*fffj*pfjdw)*(dwdj)*jwj*jfwj),200,194,223,162,193
(agyl*llgayglppylygpggga|g)*y*p|(lp*)*(pp*|ypgpga*laypglll|ygayya|p*a(ay)*)*gaaplga(pygl)*(agg|(gp)*p(g*ggpyp)*lp)*|ayy|yyyplpapgpygg*ya(pl)*(llap)*ypgllya*p*(pg)*a(yp)*lly(ll*)*l|yaa*a*yyg*agg*|all*aag*gg(ly)*(gyy)*pgagllpaappa*yyggy((pya|ylpaa(pa*)*(pgl*)*|a(g*ly*y)*)*(a*pg|y(a*yy)*(y*g|glag)*)*)*ll*pa|lpyp,200,185,210,166,180
cc((ga)*c*(gc)*)*gg(a*(gc)*)*(icgi)*ngn*gcac*ganin|aaginni(gnc)*(nan*n)*i*ncni(caic)*g|gggnng*aacai*((nc)*ian)*(gigic*i)*i*anna*ggg(n(gac*n)*)*aga(i|g)*(gn)*ccan|iacgn*iacciagag*(aagiancc(in*a*(nig*)*)*niin*gncg*gg)*n(ngn(cc)*)*(cann*g)*in|an(aca)*gga*aicgiag|(igi*a*g)*ncgnanic*n(ann)*ccgninncian(((cn*)*na*n)*(naa)*)*,200,176,205,162,175
((re*r(er)*)*(k*y((rr)*(ee*k)*)*(yyb(bb)*ker*)*(er*kkey*bbeyryy(b|k)k*ekrer)*(r(e*yr*)*be)*)*(eby)*reb(k(b*|b*)*bbebrkbye*y(kkbyb*e*)*rek*)*(((((k(yk)*)*ybkreyykb(ebb)*)*beb|eey)*e(ky)*rk*)*((ybbkry)*r*y(kbb)*)*bkb(y|k)*rkr*(kbk*)*(ye*b*)*b(krbb)*ek*|ybbreereyeyekbek(b|(ry)*)*(b*y*bekyb)*yryr*b(yr)*bbkrybbryy(b(ee)*)*yy)*(krkkyrrkr(ey)*brrbrk*(ek)*)*)*,200,222,247,164,221
(fhg)*jnn(f*(hh)*)*(hj)*nff(jhg)*g*ggjjgnffj(hh)*|jghn*jgfhnghngnjf*gnjnhgg(fjjfjng*gfgnhfnn(jfj)*((jj*g)*h|hfj)*hgjhgn*n*hjn*jffjhn|g*(hn)*(ff*)*fffhhjj(jh)*(hjj*n)*(jhjhg(ng)*)*f|n*(ffgh*hn*|h*nhgjg*fjf)*(fj(fgnfh*jhn(nfn|f*)*gff|f*f(ghn)*)*fn)*j*g((nfj)*nf)*ghghnjhgg(fh)*ghnnf(hgj)*j*f*fghg(ghhjgf)*f(hj)*)*,200,176,199,170,174
((lp((ll*apap*(la*)*(ad(pa(aa)*dlaap)*)*)*adaa)*aaddblla*dpbl(b*aa)*(p(bbdl*bd)*)*ldba*lpbbaa(dp*ddb)*pb)*plababaa|plp*d)*ldpba(pd(a*d*)*)*bd*abbbbpb*l(abbl)*bb*(d|b*)*bpb*ppbbpbpdppalaldppd(bllbl*lalbl*l)*(pp)*dl*(la)*bdp*ppb|ald*ldplpdb(dp*a)*a*blbd*dd(ll*d*bdp(((aldpd*l|da)*apb)*(lb|dlbapd)*)*)*(baall*abb*)*,200,170,198,161,169
((yv)*zvyvoi(zoo|iz)*(yi)*zo*(y(vy)*oio)*zyzzz(ov*)*(o*|v*oii*z)*vyiziy(ozo)*(ozo*yvv)*|iyiiioy(yzov*ooivoy(v*v)*)*z(i*y|yv)*io|yy|((vi*oy)*(yi)*)*(oo*z*v(oy)*i*zy((o*|y)*oo)*iyyy*i(oziivvy(oy*oi*)*)*(yzoz*i)*zvy(yz|zo*v)*(zy*)*)*iy(v((i*yi*)*(vo)*)*v*izviv*y*y*v(i*|vzo)*i*y*z*o|yyo)(yoyizzoy|vy*z*)*|o*(z*ivooiv|v*vo(viivv)*)*oyo(oo(vi)*)*vvvviyi|iv)*,200,296,328,160,292
((sw(b*sy*y)*(by*)*sbyz*bswbwb(by*)*ssszw(wby)*b*z((w|bwy*zz*z)*(b*y)*)*yy*|bbb*zzw(z*z)*bws|(zz)*w*zzwbyb(by)*ysb*ww(ysswys)*s*(y(yb)*)*szs(w*y(zs*)*zs)*y*yzswzwz(zbbszbyszw*yzy*)*(wsz*s)*bzyzz)*y((yb*)*|b*wy)*syy(b*ys(zwby(wz|w)*)*)*(z*bzbsbsb)*zwy(y(yw)*)*s(wywb)*ssb)*w*ybw|wszywbzb*wszzy(w*bs)*s*zbybbbsz(s*y*s)*z(zwb)*(z(zy|sbz)*)*,200,202,230,165,197
qn(qz*e(q*(q(qz)*)*zn)*)*lneqnq*zl(q*n*(ln*)*)*(n*q)*zl(qqn(lzneq)*n*zlzle*qz(qn)*qnn*ll(l(lelq((ez)*ll*z)*qqn)*)*(nn(z*e)*n|z*|nl*)*(zzlnnlz)*)*l(zn|qqqe(ln)*(qz*)*enz*nn(enzq)*le)*(lnl|qn(ql)*qzqqnz(e*l)*(e*|(nnn)*)*|(zee*z*(ee)*qlnee)*)*(en)*(qqe*)*eleznzn(z*eln)*n|nl|zle*ln(q(q|n)*)*lne*lnlnq*qnee(enq)*nqneqzze|zl(zezzze*qn)*ene(zqz)*nee*|q*,200,188,213,159,181
((f(tu*)*vr)*tuff((fv*)*f*u*tu*f*ffuv*vu*r*rt*(tu)*((rv*)*t|fvu|v*vtrvfrvrt(uv*f)*vfr*t)*)*)*t|r*(vr|(ft)*r*|vvf*f(ff)*f*utr)*(vu)*f*ruuvtrt(tf)*(t|v*vu)*ffrurfu(u(rf)*)*t|r*|tr*rvt*fv(r|f)furvvtr|uftf*vvft*uurrf*tffvuf|tfrf(fvfrtf*tutrvt|f*)*u*u*tf*t*urvfuu*r(frt)*vv*ff*tutvvrr*uvv(tf*vuf*)*(fru(furt*)*utvtu*(urfvf)*rr)*,200,184,214,159,181
g*(xu(uu|axzlo)*)*((ou)*a*z(ul)*(ll*hn(zz)*lo)*(uaa)*lu((x|hrhg)*al*)*(n*g)*au((o|r)*hn)*an(zu*)*xghhx|(ll)*(zxg)*)*a*rl*(oa)*((gur)*x|rlun*(an*a)*)*r*lzh*xnaulhaaul((l*g*)*|ro*u(gn|u|oz)*)*((zhal|uunr|l*(a*u)*x(nraha)*(rhur)*(no)*lzx)*nxg*lxzo*guzllhhzr(x(z*zl)*zxghrr*n*)*rgo(h|(xu)*)*zrg)*(hn)*n*x(og*)*n*h*hrn(grg)*xo(zla*)*|axl(g*xlou(ra)*uuzu|a(nhzxn*g)*)*,200,176,208,163,175
(r(ob)*ihx|t(rw)*bhw(oh*(li)*)*x|y)*ywbr(hb(w*t*)*)*wxo*litohhyor*x*w*rx*iihyhlli*hbrr(r(hhb*wxh*)*o*|iiixyo)*l(o*x)*trlx*r(iy)*(xh)*hobot*owytxxlittwb*wxx*yl|y*(oy*w)*i*thhybiih*bwy*it*olwhbxi*w(r|r)*tbr(b|l)(ii(x*b)*)*(t(bi)*)*tlo*lowbrywwror(l|x)*w*(hi*y)*tb|xh(tblbyhoh*w((toloo)*((bxt(t*l)*o*((ytil)*bt*xo)*twr)*w*io)*)*)*,200,168,202,161,167
((pl*midgd)*jg(pd)*iji)*(gc*ge*)*l*cec(h*g)*|(ppl*cc*d)*lj(mhg*hlch(dip(jh)*(jl*d*h(hjle)*)*(d(l(pp)*)*)*el(pig)*(epgidg*h)*((c|(h|e)gd)*(cc)*)*c*(h*l*)*dd|(j*c)*(dip)*)*)*geip*jjij(((dd*jc)*dmch*|ddpp|c)*eh(hdp(pm)*)*)*ijd(jl)*mh*dcp*pm(mch)*ieep*j(ldmlcd|hg(lc*)*|gi(d|c*)*)*idecjge*(c(lcc)*)*(i*clji*(gpi)*djd|pc((ih*|pj)*i*jmid|(pj*)*dc|gj(lpl)*l*d*)*)*(jc*j*jcmpcc)*,200,169,204,157,168
((aldpn*qvvl*dv(au)*u(aa)*dl*lufl*vjv(nq*pj)*a*vf((n*qddpl|npldn(nj*lp*)*)*nnddqanv)*qj*(a*n|uaad)*la*p)*ld*(jql)*nuqq(pj(upupdu*(u*pll)*u*d(pnda)*(llf)*(l|nvv)*)*)*(lva(vap)*ua*dpvdqv*u|a*)*((nlf*n*(vj)*pju*d*vpdlujq*qdv(v|nj)*)*javpl*)*apdfvvl|l(qu)*qd(qv*d|l)*(qp)*fa(n*vj)*u(pa)*pf(af*)*u*unl|duvllul*(q(upf*)*)*(p(n*n)*)*(v(u|jn*))*da*vv)*,200,160,193,158,157
(arr(nv*)*aw*d*ws*rn*ivnsidasswi(yy*k)*(n|k)(y(ki)*y*wy(iv)*)*ikv|rsrn*((iadkvarya(yd)*)*((kvkdsn*nn)*yiw*w*rny)*)*(rnwn)*(r((i|r)in)*i*k)*(id)*(va)*ys(yw)*kvv|a(i|rddr(da)*vr)*ksddi*ws(yky(ik(ydi)*ny*d)*iwvn*r)*kiw*asri*(yk)*(aki*)*adarnrr((di)*d(rii)*(iravrnaak(k*n)*)*(d*r*)*rkva(vkv*(iadi)*)*)*(n(dd)*(dw)*ara)*(k(a|(dk*)*(i(w*i)*)*ivr)*wk)*a*ysdwsk)*,200,170,202,161,169
(ff|c(hnh)*jxu|wlu(hh(fxhf)*fjhz)*h*fzzxhjwju*|lfxch(cn)*nhnu*x(hn|uh*lf|hznzzhw*((f|(lh)*)*|jlh*((fx)*cxuu*uxjnu*h)*)*wff*fnh(cj)*xzwjz*n(lxf(lu)*)*)*)*(h*luzw*jll(jw)*hju(c*j)*flufhhjj*ulzlhlzn*c*(h*juxfnc*llz*hwc(chn|h*wx)*)*)*(nuzfnjul*lj(unxz)*lfjfl*|fzf(x*jux*u*xw)*(xcnccfc|cl*)*u|jwxhwl(j*|zf)*zhznuu|l)*,200,172,202,162,171
o*j*mjn(nmjjj|d)*yny(ilm)*(lowl*wl*wi)*p*|djn|nwnoni*iyy*o*nw(l|io*dn)*wl(wmo)*j*m(lp*|y(dp)*jppplwmwoo*jy(jy*)*wn*jn*dd(pw)*pp(i|jl*n*wd)dm|nl|jnmyd*(pd*(nd)*)*(mmomi(ld(dm*)*)*ijd)*jwi(y*pp(imm(ynj)*doy)*)*(iy)*pjdnojoilny(nlyp(lwl)*ppy)*oid*n(nl)*(y(dwmy*)*m*j*(pmnomp*j((op*)*do*yi(di)*)*ydo)*j*m)*(jji*m(lm)*(wp*|np|di)*)*|dy*iw)*,200,168,207,159,165
dw*w(zpuw)*yrwdi*uw*(uu)*rwz(ulywywpwpiuurtw(lu*y)*dwz*zy(ttz(l|td)(yy)*)*p*zii*lwt*(rl)*uldlrltypzw(rtu)*putlp|l)*zpp|ry|(tw)*(z|d*)*(rd)*tw((t*ili(py(d*zup)*)*zw*(ydptz)*dpd(ul*w*t(iz*pd*|z)*)*)*(tuww*irp*p*)*wzr(plid(tt*)*l*yr*)*)*(uy|tl((rw)*yrp*t)*|tyu(przi)*ddipirrylty*i|tl)*(yd)*r*zll*r((dtu|i*)*(ruw)*(ytir)*)*pwulzt*zydz,200,172,203,162,168
jsp*s|ollk((pk*(p*s)*ivk)*|(j*(is)*)*)(ivp(ni|iil)*)*snpo*|(ikon)*vk*(nl*klsjko)*vl(jv)*sk(vnv)*nko((plj)*kbnipojob(sbik)*)*jjp|p*v*(i|nio)(o(nn)*iv|vi)l(si)*(ovl(k*|skv)*(si)*pvn(jp)*jkn*i|jj*np*pvipiovp(l*bp)*lop*vv*pjii(lb)*plb(nsvk)*kvpl*ns|(okol((vinpl)*o*b*jsi)*)*)*(bbljjblv*)*piplp(ppjp)*(so*ikb(oj)*nn)*bskpili(k*n)*j(pj)*,200,171,206,165,170
(((pc)*t(pfk)*sdpdc(yyk)*|c*(ky)*kx|d)*sk*txfpxc*dx*(sk)*t*|r*xtr(kk)*(d*y(f|pc)*ckr)*dxkktdtycsyyd*s*p(r(yxkrs)*d*s*kp*f|(cdsfc)*(yktxs(y*y)*ysd(rk*d)*)*)*(rrd)*srxf*dt(d(tp)*)*(yp(tr)*)*cfrdtspcpsfrxpyt*x*p(y(kp|xptr*)*)*(fx|ftttfp*fsspsypy)*r(fd(r(fr)*)*)*dc*p*p(rdffc*y(sk)*xrkctxd*pcpc*xtf*trty|dykc(cyr|xccyskkrp)*)*)*,200,180,209,166,180
q(qaq)*qa|a*(((qaaq|aqa*)*qaq(q*|qqq)*qa)*a(qq(aaa|qa)*)*qa*|q|aqaa|qqqqa)*(aqqaqqqa*q*)*qqqqq(a|aqaqa|aa)*qa*aq*aaq(aaaq(a(q*a)*)*)*a*|qa|qqaaqqaq*q*qa(aa)*(qq)*(qa(aq)*qaa*qqq*qq*q(aaa*)*a(qa)*q|q)*aqqqaa(qaaq)*|qaqq(aa)*(aa*|aqaa*|q)*(aq)*a*|q*qa*a|aqa|a*aa*qaaa(aaaqa*qaq*a*qa*|(qq)*a|a*aaqq)*((qa)*a*|q*aqq|aq|qaqaa|q(aa|a|q*a)aaa)*,200,4916,5234,155,4667
(rrrr|rr*nr|nrr(rrr*nrnrrrn)*(r|r|rn)*|rn|n*n|nr*r(n*nr)*|rnnrrrrrr|rr|(rn*r(n*|r|(nn)*)(n*rn)*rnnnn|r|(rnn)*n|nn(rn)*(rn)*r*n*r*n*r(nn)*(rrr)*nnnn(rnnr)*((rnr)*nr)*(nr)*rn*n(r*(rnnnrnnn*)*)*nrrr)*|rrnrrrrn*(n*|n|r)rnnnr|rrnr*(rrnnr)*n|r(n|nnr)*n(n(n*n)*)*(rn(nn)*rrrnn)*rrnrn|rn*nnrnnn*(rr(n*n)*)*(rn*)*(n|n)*nn|(n*rn*(n|r)*rnnrrnnnr)*(r|(nn)*)*n|nn)*,200,1039,1148,155,1000
((uu(uue)*eeu)*|eu*|(e(uu*)*)*(uuee|u)*((eueu|ue)*|ue*|e|uu|u*|u)*)u|e*e(e|(ee*|e)*)*uu*e|u(u|e)*((eeeeu|ee)*e(e*(u|u))*eu*e)*uu(u|ee*|uuu)*(uuuuuuuueu(u|uuee)*u(ue|u)*u|(e*e)*ueuuuu*u(e|ueu)*uu)*e*ue*(ee)*|uu*|e(eue|u)*(ue((u|ue)uu)*e(eu)*)*|(ee)*|(ue|eeeuee*euee*uuu|u(u(ee*u*)*e|u*e(eu*ueu*eeue|e)*u|ue(eeu*|e*eu*)*ue*eu(eu|(eee(u|e)*e|e)*)|u*|u(e|ee)(ue(ue)*)*eeueeuuee*u*u))*,200,2603,2813,141,2482
c*eec*cccceec*cc|(ece)*ecec*e*ccceec*ee((cc*(ec)*cee*(ee*)*(ee)*c*ecec(e*|(eecccce)*)*)*ec(ec)*(c*e)*((ce((eeee)*|ee))*e*ecec*c*)*ce*e*c*ce*e|c*|(ec)*ec*ece|c(ee*ccec(c|c)(c|ece*e)*)*ce)*c(cec(e|c))*eeeeee|(ce*e|e)*ce*c*ce|ce|ccccc(c|cee(ee)*)*(eeecc|c|e*ec)*ece|e*|e*c*eeccceccce(ee)*cceccceee|c*ee(ccce(c(cc)*)*ec)*ee*eceec(ecec(e*cc)*)*,200,1205,1270,159,1178
wwwnwn|wwn(w(nn)*)*nw|nw|w(nwnn)*wwnwnnnnwwwww(nw)*wwn(w*|w)|nnw(nnnn)*(n*(nn)*)*w*n|w|nn(ww|n(nwn)*)*nwnw*www|wnnw(n|nnn|w|n*(ww)*w*w)*|(wn|wnn|ww)*nn(wwwn)*(n|n*ww)*(ww(w*n)*)*nw|n(wwnn(ww)*n(nw)*)*wwwnww|nn(ww*)*|(wn(ww)*)*nwnw((w|w)*ww*ww)*nw(nww)*w|ww((nnww*)*n*n*)*nnwwnn|(nnwnwnn)*|nn(wnww|n|nnw(nn*w)*w|w*nwnwn|(nn)*|n*w(w|n)*n*wn|w*w(nn)*)*,200,346,376,152,307
(((uf|(ff)*uf*ufff(ff(ff)*u|f)*uff(uu*)*fuuu*ff(uu|f)*uuu*|fuu|fff|(u|ff)(f(ufuuuu*(ff)*(uf*)*)*)*(f*u*f*uu)*)*f(ff*ff)*u*(f*|u|fuu|ffffuf*f*|f))*(u*(uu*(u*u)*)*u|uff*ufu*f|fuffu(f(fu)*)*f|u|(uuuffu)*u(f|f)*uufuff|u*f|u*f*)*(u*(u|f)*(f|u)(fuffuuuf)*)*uu|f*|(ffu*u|uu(fu)*fu*f*uu)*uuuu*f|fuf|fu*fu*u*ff|ffuuuf*ff(uf)*fu*uf*ffuuffuf*u*fu(ufu)*(fu)*(f(fu)*)*f|f*u*u)*,200,1116,1261,145,1089
((m(mk|(kk)*)*mm((mk)*k|k|(k|m)*(k(km)*)*)*m|k(kk*m|mmm)*(mkmkmmk)*m(m|m*)*mkkmm((mm*)*mm)*kmm)*k(m|m)mkmkmkk|kk*mkm*k*mm*mkm)*|kk(mm*)*k(kk*)*kmmmmk|kmmkmkmkkkk(m*m(kk)*mkkm|kkmm(kk*|km)*)*(km)*(mkkmmmkk*k*m|k(m|k))*|mkkm*kkk*kk(mm)*k|mm(mm)*k|m*|(m|mkmm|m|k|mkmkkkkm(m*|m)*mmk)kkm|k*kmmm(mk|m)*((mk|mm*(k*m)*kkkm)*m(m|k)*kkmmk*m*(kk)*m*m|mkk*)*|kkm,200,2511,2780,150,2469
(ztz|tt*tz(z|(z(ztz*z*t)*)*|(zzzzzz)*t*(zz)*|z(z*t)*z*zz|zt|ztzttt*(zz)*tt*tt*(z*|tt)*zt*|ztz|tztttzzz*t(tz)*tt*|zt|tztttzt)ttz(ttt*|t*)*)*zzzzzzt(tt)*zt|ttt|zztzt|(ztz*)*|zzt|z(t*|(zz)*)|ztzz|t*(zz|ttt)*(zt*|t*|(t|t))((z|t*z)tt|tz(zt*)*ttt*)*zz|tztz*t*tzztzzt*(zz|t)*t*z*z*|tz|tttt(tt*z)*tz*tttt*(tzt*|z*ztttzzz|(t(zz*t)*zz|t*z)*t(tt(zz)*|zt)*)*zzt,200,3990,4128,153,3861
((v|nv(n*|vnv))*vn|vv*vn(vv)*v|nnvv*v*vvn|v|vvvnn(vn|n(n|(v*v*)*)*vnv*vnvvnv*)*(v(nv)*)*|v*v*vvv|nvvnv*vnv(v*nvn)*vnnnvv*|(vv)*(v|nnn*)*v*|(v*n)*(n(nn)*)*n(vv|nv)(v(n|v)*vv)*(n|nnnvv)*nnn(nvvvn(v|vn))*vnn(n(nn*v)*)*(v*(nv*)*(vv)*(vvv)*)*(nvvvvnv*v|(nv|v*v|(nv)*)vvv(v*vv)*(vn|(nv)*vnvnn(n*|v)*)*(n*n*n*nn)*vnv|vnv)*(v|v(n|n)(n*(v*n)*v|n)*)*(n(nn)*n|v)*vnn|(nn)*nnnv|nvnv|v*nnnvn)*,200,2404,2615,149,2317
((xxx*u*u*)*xxu*xx|ux(x|xx)xx(ux)*(uuuu|((xu|xu)x|ux|xx*uxxu*uu|x(u*u)*)*xx(xx|xx)*(xx*ux*xxxu(xxx)*x*(xx)*xxux)*x*uuxuu(ux)*|xxxu))*(xu(xu)*uuxuuuu|xu|uuxxxu*uuxu|xuxux(xu)*uxx((u|x*x|x)*xxu)*(ux|uuux(x|u*)*)*xx*uuxxx|xu|u*xuux|xx*(u|xx|xuuxu|xx(xx)*xuu)*uxux)*(xx(uxux*xu*(uu)*xu)*(xx|x|u*ux|uxx|ux*uxuuu|(uxxx)*)*)*x*uxxx(xxu)*,200,9170,9672,152,9139
(b(em)*|evv*(eve(ue)*)*|b*v*|uu(mv*)*|(vu)*mb(b*m)*mu*u(v|v*)ueevebv*b((e|m*v|vv)*(u(uv)*e(b*m*ev)*)*|v(bm)*vu)*)*v(vvu|eu*(bu)*)*uvmmu*mum((vbeeu*|b)*ub*)*b|e(u*vbb*u|b|m*|u|e((e|m*bvmeb(ub)*u*(b|b)v(vu)*vbvm*(m*e)*ebu)*(b|u)*)*|(vm)*(ev)*(bu)*v|(bv*)*(ee)*|buvv*(e*bb)*uv(mee*evev*u)*)(u*|v)|ebvu(v*e|b|b|e)*(uu)*vme|v*(ev*bb*(uv|uvvb)*mb*v*bbvum(v|m)*(bv)*|m|v*|ubb)*v(ev)*b*v(mbbbm)*vb*e*,200,359,386,147,349
(p|(gfg*(ff(fg)*)*)*(p|g)*u|ffg(fg)*pfg*pfu*xfgupuxu|f*uxfpxuu|ffgp|f*uxuu(gp(pg)*)*gxxg|gu|u*(fg|ggfpggg*p(g|f)*fpf*f)*|xggu(gu*)*ug(fp)*(((fp)*|pg)*ff*ux|fpf|(p|f)*(u*pgfupg|(u*pup*)*)*(fp|(px)*x|p)|(p*((u|f)*xuu)*|xpfux)*xuxx|uf(u|fg*ff((p*u)*(gg*)*|(pg)*)*(pp|pfggff|(gu(pp)*p*x)*pgx)*xu*|xg*f)*pxuu|(gf)*((g|p*)x*|gfp(ux)*p*up|u|((gu)*gu(x*p)*p*xu*)*u(x|u)*(f|(p|p)pu*g)*)*))*,200,718,793,141,696
(l*o*ln*nzl(o|r|l)*(rl)*z|rzzr|no(lr*(o|o))*)*oro*|(r|r)(oorl((zrl)*n|r)*noznol*l)*|(ll|(r|z)z*z*o|zlnz|(r(ll)*)*o*(ll)*rr(rzn|no|z(ozo|n(n*n)*)*z(on)*)*)*zno|zl*n(nrnz*)*nron*o(rz)*z*|o(r*|n)*zrn*z|zrrroon*l*zlor(lzn*)*n(z|oo|(n|n*))*|(zo)*z*noz|onlzr|(n|z)lzo*|rnr*(zoll)*(ozzlon(onzz(l|o)or)*)*((r|o)*ol|ln)*(rz((nll)*o|(r*o)*|r*z*n)*nz(z*l)*(r|l)*zn(l*r)*(zr)*|r*zol*rollnn*)*,200,237,272,146,226
ii*aka|iva*|kjjiaiajaa|kv(av|iija*k|v*iiakiv*jvkav|(jki)*(j*v*)*)*(vjv|v|ki*a*k)*kj*(kvvi*)*ji|j*aj*k(v*|v*(vj)*vj)*(vkja)*(j*a*kja)*ki(aj)*kka(jj|i|jk(kk)*)*aa*(aja)*kj|v((i|a)*ij|(((a(k|i)*)*a(v(jv)*jja*v)*)*|a|v(k|j)*jkji*i))*ki|vv*avkkika(i|vii(vi*)*)*|(jj*jiv)*(v(jj*iv|jk*j))*((v|v*|(ka)*|(a(v|j*))*)a*(kv)*iak|i(ki)*)*ai|jki((i|jj|(ka)*vi|ii)*(ii)*)*vkaj|ia*aviijak,200,217,242,144,208
(wu|n|d|(w|f)*|dnd*)w*udwfdnn*nu*f(fwfdw*n*f(u*u)*(f(n|f|f*)*)*n*|w|(wd)*)*duf*w(du*d)*(n*((n*(fw*)*nudf|(nd)*)n|dwdnwfu|u|nu(dfwn)*)*ufwuf|ff*f*f(fdu)*ufwnfuwww(f*f)*dn|d*uuudfwu*ff*w|nw*(wu)*|dw*)*|wd|(dfddf*)*uwn|u|ddu(wn)*((un*f*w)*d(fdn)*fd*dd*)*dnu(u|(w*nn*n|wwd)*)*|nu*u*nfuwuuuw|ffn(ff)*u*wu|ud|((dunu((w|n|f)*(n*u*n*)*)*(ud*)*w*dd|w)*nwufu((dfu*)*wuw)*fu*)*,200,188,215,143,182
i((v|(pz*p*vpv|izzv*ips(z(si*)*)*svvi*i*ipvv(v(ip)*)*zss|zii)*i(iv)*|(p(pzi(sis*)*iv)*(z|ss)*)*|s(pv)*ps*v*zsp|(ip*p|s|si|(p|s*)*)*s|zi|p*pis*siz*)*((pzpv)*z|z*|piz*zpi)*ziz*ipzzvsivivzspzp*p*v(s*v(i((i*p(zp)*)*|siz))*(vs)*|(v|iz*is(v(s*zi*zv)*|(pi)*))*s(piis)*zz*v(zz)*vzviz|pvvi*spszi(ip)*z|i|izs(z*s*v)*vpv|isz(vv*vsi)*pp|z(z(ip)*)*(ppziviips|izp*(p|s)*)*)*)*,200,532,551,152,506
(j(vssj*)*vv*(i*(ii)*(sj*s(jv)*)*|vsov(oi)*)*iv|ivjji(i|j*os)(j|s|i)*oisovjjss|isjs*j(j*s(ijj|(vv(i*|v))*)is(vi)*(s*|oi)*i|ov*v*)*((vo*si(j*o(o*s)*i*i)*sj*o*is(ivj|iii)*)*|(iivsjjsvo(ivj)*i*sioissooovjv*vs(o|i)*j|v*i|o)*)svs*jv(io)*isssio*s|vji|v|(i*(os)*(jo|s)*)*ij|i*o(v(sj|oioi*io)*)*(ij)*jo|vo*oii|ji*ioo|vo|i(iiv*oo*jvs)*is|vi|(j|is(oj)*i|j*isj*o)*)*,200,651,718,143,643
x|(ox)*of*(f|f|ox*)|xdx*qooqo(f*q*xxf((xxd*)*q|q)*oxq|ddd(xx)*)*(d*|x)*o*o(f|do*q)|((xqff)*d*d|q|q(oqd(xo)*)*)*qod((od)*odfd(x*|f*qq*(df)*d*qf*)*fq*fdf|(xqxxq*|xfxox*|fxq)*)*qqdoxqo|oxf|od(x|d)*q*|x*fdq|(fq|d*q)ffxq*qxq(dx)*q*d|dxx|(od*o)*o|xd*d|f*qxqxfxx|dqxqdofo(fq(od)*x*f)*f(x*|f)*(od)*od|(d|f)o(xo)*oqqfooqxdof|f(of)*(xoqf*off)*((fo)*o(fodd)*xq)*,200,171,201,151,170
(ll*(rrt)*lttgtrrg(dd)*d(ll)*|((d(g|g))*dr*ddg)*((dr(gl)*trdlg(dl)*(r*l)*rd|tll*rt|(l|l)*)*(rrr*gddr*)*)*|(t|g)*|(tdrl(tl)*)*|(t(l|rt*)*tr(trr)*ggrr(ld*)*t*lrdt*td|ttd(rg)*|r|gr(l*l)*t*gl*ld)*lgdt*rdtdt(dt)*dld*l|dl|tg(l|gl)*dd(r*dr)*((ld)*lrld|tdd)dr|l*(tr)*g|dd|dglr|l(t*|d)*g(ll)*|l|rtlt*(r|l)rl*|gltt*(rg)*r*lg(r*|g*|lr*)*(tl*r)*(d(rr*t*|gl))*lldr(rgrd*)*ldr*g|dg|r)*,200,453,495,142,451
gafg*|(mf)*tg(m|tt(tm*)*)*mt|(aa)*t*f((a(ma)*|fm*f)t*|mfmf)*mg*mtagagagft*(a(gg*)*(m*t*maa*a|mf*a*a)*)*(gm(t|m)*gt*|gt*fa|(g*|f)*f*m(mfgtfg*t*|(a|f))*(aftg*m|(tff)*gtgm)*g(g*|g)t(m|m))*afat(at*a*tg)*taga|a|t*t*(ammm(gag)*aafffg|mt*g|((f*|ft(a|ta*|(t*a)*|m*gf(gt)*(mff(f*t)*)*)((f|m)aa)*g*af)f|t*(aa*ma)*)*m(af)*|t(ttf)*a*aatmf(at*af*m)*(tama|ma*)*((a|f|fmtgtf*fg*agf*t*)*(fgg*)*)*),200,297,330,149,285
f(pbsyy)*pg(v(ry)*)*y(vb)*(p*(gs)*(s|r)*)*(cvbftry(tg)*fv*s(bs)*|tgr)*((y*(spp)*tbpv(f*|p)*(b|f|v*fcp)*tp|prbc(g*(gb)*yt)*vb*bby*cbf)*|tfgv(pb)*vbfyfyrfstggyc*|r(cf*)*(fcb(vs)*|pt)*rsc|(t|(gg)*)y*(c(ct)*)*pfvg(cgcc*)*|(c*tp|c|vr|cpc*cvfc)(f|y(vgr)*)*psbbv|r|rgtt|f*psc|fgv)*sfs*v(bg)*(csgc)*p*s*|r(s(y*y*vcg)*)*(bs|t*)*tpytsgvgb|tp|r|c|fp*p(vc)*bvfb|(tt*)*,200,205,233,154,203
(u|(ya)*(e(c|e|a*)*zuys*c*)*aa*uut|p*ye|px|ap|c(apxe)*(pua|((a|a)se(eu)*zx*u)*)(ss)*t*(a*ca)*aup((c|xc)(c*ay)*)*u(au)*zt|cytyaaez*auutstyapet|a*zs(ay)*|(ysx|s)*|(szca*zt|se(ze*s|eaza*u(p(x*|z)aeyzt)*)*)*(sc*et|ae*z*p|yp)*(zs*euc*p|a|ueu|x)*|aec((ey)*(zec)*tzez|asuu*xpx*xp|ptxs|aca(tx)*atyu(u*(cacc)*)*(pzasc*sut)*s|ps(xu(x*xys)*)*yyspc(c*(c|c*))*xx)),200,163,203,150,160
d(x*bs|dkgks|rlelx)*|r*r|((e(e*x*)*b*b)*(el)*((kdab)*a(xl*)*|e*a)*rgk(sba|r*l)((al)*g(k|a)xbsar(ll)*dg)*|(xd)*skrgllee)*ek*sgd*|a*xgsrebalbgd*l(((((grs)*|bg*b|b*l*)*((b|dx|d*)d*(sbe|ee(ke)*sg))*)*sslx|(k|e)*a|r|dsk|ax*(rdesxdabag(k|x*s)axrd)*)*|bbdll|(bb)*|skgxd*g*bb(rr*a(ad)*)*x|xr|(xx*ll)*x*s*|e|leb*ex*askl)deae*rs*dl(la*dlxgbd|ek*(bd)*|drg*l)ked,200,174,211,156,171
(w|cdcqqq|c((p*x)*m|d)*)*(rx)*|we|rd(w|qdjpj*rx*cc|ee(md)*erc*rw|j(ew*)*(cjmr*m*wdjd|d|r|wwj)*e((cxm*)*|cdwwq|mwxm)*|q|(xdx)*|((eeew*p(c(wd)*pd)*mp)*(d|e)*)*)wweex(c|m)*c*|jc*r|r(mx)*mpe*c*|q*x(xdjjc*pd|ex*)*rxqmm*j|(edw)*xr|p|mpqppjwcq|x|(r|c*)wj(p*r*)*(xrx*|w)*ed(jc)*r|x|x*(q(d|jmj)*)*(qe*p)*cmjxxqxm*c*q(xw)*wrx*(r*d)*mwccjmxd*|pq(rmq*)*jexe|c|wcrq,200,166,204,146,164
o|ng(kbc)*bkfnccfb*goa|bac((k*|(b|c))km)*|(nmg)*((((u|co|m|aa)*b*fmacf*m|on*ub(mk)*(a|g)*)*mnc(gfmkm(g|m)ma(a|n)*ugoba(mukucoa|gnk|o|fob*(gf(o*un)*)*)*a|((fan)*|unk)(mo|(uggg)*|cmn(mg)*ubcbn*)(kkuc((ck(nkkg*)*m(kco*gg)*)*|(oofn(g(k*n*)*)*)*)(fkn|fcab*|kmn)*)*mabku*k*aob(o*a)*c*|on(g*n*|(cg|a*)*)u*u|caa|f(oa|gnb)m(gk)*)*)*(back(oo)*)*)*n*f(cb(ucm)*(oa)*ok)*((b|kbu*)*n*kf)*,200,190,226,160,185
uxx|btnihcnu*n*hnub(((n(c*|x)*nt*)*divdb*(nxc)*)*v|x|bc)*(u|vi)tvx|b*(b*|d(d*|vn)*)tc|(un)*c(vh*)*bbh*|ui*i|(d|x)*v*|c(t*|d)bt(n|t)*|(bi)*nx|(hii|(hcu*dxvn)*(bx*x)*((d*v(vi)*|dvt)*dxu*ch*c(tiuih|hu*i)*n|ihx)*(xv*(iivc(h*c)*xu)*bu(xh)*dn)*hvnibtuvxv*|x*idd)*(bu*)*|ucvnvc(idv)*hvii*n|tc*u|h*v*b*i*dxn*uuchdi(v*bd|n)*tb*v(dcvuh)*(vi)*((bin*vi|nu*b|udv)*dtc)*,200,194,238,151,192
osazzh*j|j|ezv(bz*)*ea*ae(je)*ja*zbzabzsvzs(e*zv)*jv|o(w|wbsj)(h(oh|j*a)*wz|b)*o|b*z(awe|b*zb)*aj*ohowvjh*((s*|vj)s|o)*(sba*|a|a)*osw|zvs|(wh(s*|z)*vowhbs)*vh*asze*vvzzj(s*h)*(z|z)*(v(h*h)*veh*)*b(sj|ebzz)*wjo(ow)*b*|bh|(jww|s|jbhhjwwh)e|ww(sj*(v|vvv*e)*(vo*j|s|z|v|(bb)*)*zo(((ss|a*|szb*bo*sjbj*|sh(vsb)*o|ob*(vs*)*bo)z*a*)*w*ash)*(v(h*|vbaz)*)*)*|av,200,167,210,140,164
bebuzeuk|ztwegzbbtzk*|uz*zz(u*u)*|k|d*b|utktzbz|t*g*y(u*wg*zzy)*(tdb|u|tb*(gb)*dwtww)|(bytw)*(uwt(tuy)*e*z*ybu(zd)*zy*|b|k*yubez*t(eu*)*bze*((k|y)*(u*z*g)*e|k)*wk*uwgbb*|duyukdd*t*z(kb|u)*|t*zgg*y|kyuduubwe|t*buk|(k*b*)*)*(gg|tz*ebtk(z|(kt)*)*g|zu(ud)*(wg)*|(b|ky*u)*(u|t)*kggyw|yky(d*e*)*|zg|zu*e(d*|e)kt(ugy)*(ub)*tuwyuk*(db|dd*)*e|gg*z)*|k*|zg,200,191,225,150,183
((c|ciz|l|z)*i|wzt*(i(il)*|((tsk)*|tiiz|z))*(ttt)*kvc|dtdlki|zkwv*kvk|tv*v*|i|li|(dwvsikw(zl)*v*dii(vi)*wl)*kszwlkcsvds(c*t)*v*l((ll)*|kcd(wvv)*i*s*(tt)*)*wc|wk*vtt|vsd*k|cwlczi|(zd*|sw|svtwl|tz|d|ck|(cv)*k*(zw*)*sl)*llll((i*vztk(kz)*|ss)zwk*)*tww*wkltwl(i(ckslsv)*)*|c|t|ddlvcd(vls)*k|(it*)*lcsdi|dti(c*z*)*s(tsw)*|(dz)*|svst*|wkw*lkz)*,200,180,216,151,177
hz(nz)*tt*(t|n)(jz)*|dp((w*pph|pwc)*hwczd|xz)*h(jt(jd)*hc)*(w|j|jd*)*wjd|(znj|ptjdt)*(pc|tz)*((j*jwx*n|xjnn(z|n)nnph(t|hzt)*)*zx*|ndtptjc)*x(pc)*(tzw)*h*tcdhntcxdz|chxnhzc*wp*|c((z|zh)*txj*|dn|wpdc*|(n(dp)*chcz*d*wz)*t(tc)*)*((htw|cptd|xt|dd)*n(jt)*j|ctwxw|(jt*c*p)*dtj*jp*((p|hzdnh(zt)*|cjd)*(((t*(z*n)*)*|zw)(p*j)*)*nw|n(nh)*c|w(zxdd)*pdhjjj*np|xt*)*)*,200,191,221,153,185
